ID,Country of Origin,Farm Name,Lot Number,Mill,Company,Altitude,Region,Producer,Number of Bags,Bag Weight,In-Country Partner,Harvest Year,Grading Date,Owner,Variety,Status,Processing Method,Aroma,Flavor,Aftertaste,Acidity,Body,Balance,Uniformity,Clean Cup,Sweetness,Overall,Defects,Total Cup Points,Moisture Percentage,Category One Defects,Quakers,Color,Category Two Defects,Expiration,Certification Body,Certification Address,Certification Contact
0,Colombia,Finca El Paraiso,CQU2022015,Finca El Paraiso,Coffee Quality Union,1815.0,"Piendamo,Cauca",Diego Samuel Bermudez,1,35.0,Japan Coffee Exchange,2021 / 2022,2022-09-21,Coffee Quality Union,Castillo,Completed,Double Anaerobic Washed,8.58,8.5,8.42,8.58,8.25,8.42,10.0,10.0,10.0,8.58,0.0,89.33,11.8,0,0,green,3,2023-09-21,Japan Coffee Exchange,"413-0002 1173-58 Izusan, Atami, Shizuoka, 413-0002 JAPAN",Koju Matsuzawa - +81(0)9085642901
1,Taiwan,Royal Bean Geisha Estate,"The 2022 Pacific Rim Coffee Summit,T037",Royal Bean Geisha Estate,Taiwan Coffee Laboratory,1200.0,Chiayi,Unknown,1,80.0,Taiwan Coffee Laboratory,2021 / 2022,2022-11-15,Taiwan Coffee Laboratory,Gesha,Completed,Washed / Wet,8.5,8.5,7.92,8.0,7.92,8.25,10.0,10.0,10.0,8.5,0.0,87.58,10.5,0,0,blue-green,0,2023-11-15,Taiwan Coffee Laboratory,"QAHWAH CO., LTD 4F, No. 225, Sec. 3, Beixin Rd., Xindian Dist. New Taipei City, Taiwan","Lin, Jen-An Neil - 886-289116612"
2,Laos,OKLAO coffee farms,"The 2022 Pacific Rim Coffee Summit,LA01",oklao coffee processing plant,Taiwan Coffee Laboratory,1300.0,Laos Borofen Plateau,WU TAO CHI,19,25.0,Taiwan Coffee Laboratory,2021 / 2022,2022-11-15,Taiwan Coffee Laboratory,Java,Completed,Semi Washed,8.33,8.42,8.08,8.17,7.92,8.17,10.0,10.0,10.0,8.33,0.0,87.42,10.4,0,0,yellowish,2,2023-11-15,Taiwan Coffee Laboratory,"QAHWAH CO., LTD 4F, No. 225, Sec. 3, Beixin Rd., Xindian Dist. New Taipei City, Taiwan","Lin, Jen-An Neil - 886-289116612"
3,Costa Rica,La Cumbre,CQU2022017,La Montana Tarrazu MIll,Coffee Quality Union,1900.0,"Los Santos,Tarrazu",Santa Maria de Dota,1,22.0,Japan Coffee Exchange,2022,2022-09-21,Coffee Quality Union,Gesha,Completed,Washed / Wet,8.08,8.17,8.17,8.25,8.17,8.08,10.0,10.0,10.0,8.25,0.0,87.17,11.8,0,0,green,0,2023-09-21,Japan Coffee Exchange,"413-0002 1173-58 Izusan, Atami, Shizuoka, 413-0002 JAPAN",Koju Matsuzawa - +81(0)9085642901
4,Colombia,Finca Santuario,CQU2023002,Finca Santuario,Coffee Quality Union,1975.0,"Popayan,Cauca",Camilo Merizalde,2,24.0,Japan Coffee Exchange,2022,2023-03-06,Coffee Quality Union,Red Bourbon,Completed,"Honey,Mossto",8.33,8.33,8.08,8.25,7.92,7.92,10.0,10.0,10.0,8.25,0.0,87.08,11.6,0,2,yellow-green,2,2024-03-05,Japan Coffee Exchange,"413-0002 1173-58 Izusan, Atami, Shizuoka, 413-0002 JAPAN",Koju Matsuzawa - +81(0)9085642901
5,Guatemala,La Colina,"The 2022 Pacific Rim Coffee Summit,GT02",Dinmica Caf,Taiwan Coffee Laboratory,1668.0,Chimaltenango,Emilio Antonio Medina Garcia,5,30.0,Taiwan Coffee Laboratory,2022,2022-11-15,Taiwan Coffee Laboratory,Gesha,Completed,Washed / Wet,8.33,8.33,8.25,7.83,7.83,8.17,10.0,10.0,10.0,8.25,0.0,87.0,10.7,0,0,green,2,2023-11-15,Taiwan Coffee Laboratory,"QAHWAH CO., LTD 4F, No. 225, Sec. 3, Beixin Rd., Xindian Dist. New Taipei City, Taiwan","Lin, Jen-An Neil - 886-289116612"
6,Taiwan,Melastoma Coffee Estate,"The 2022 Pacific Rim Coffee Summit,T034",Unknown,Taiwan Coffee Laboratory,1250.0,Chiayi,Unknown,1,27.0,Taiwan Coffee Laboratory,2021 / 2022,2022-11-15,Taiwan Coffee Laboratory,Gesha,Completed,Washed / Wet,8.33,8.17,8.08,8.0,7.83,8.25,10.0,10.0,10.0,8.25,0.0,86.92,9.1,0,0,green,0,2023-11-15,Taiwan Coffee Laboratory,"QAHWAH CO., LTD 4F, No. 225, Sec. 3, Beixin Rd., Xindian Dist. New Taipei City, Taiwan","Lin, Jen-An Neil - 886-289116612"
7,Taiwan,Chi Tsai Liu Li Ecological Farm,"The 2022 Pacific Rim Coffee Summit,T050",Unknown,Taiwan Coffee Laboratory,1200.0,Chiayi,Unknown,1,90.0,Taiwan Coffee Laboratory,2021 / 2022,2022-11-15,Taiwan Coffee Laboratory,Sl34+Gesha,Completed,Natural / Dry,8.25,8.25,8.17,8.0,7.92,8.08,10.0,10.0,10.0,8.08,0.0,86.75,10.0,0,0,yellow green,1,2023-11-15,Taiwan Coffee Laboratory,"QAHWAH CO., LTD 4F, No. 225, Sec. 3, Beixin Rd., Xindian Dist. New Taipei City, Taiwan","Lin, Jen-An Neil - 886-289116612"
8,Taiwan,Liang Xuan Coffee Farm,"The 2022 Pacific Rim Coffee Summit,T018",Unknown,Taiwan Coffee Laboratory,1250.0,Chiayi,Unknown,1,30.0,Taiwan Coffee Laboratory,2021 / 2022,2022-11-15,Taiwan Coffee Laboratory,SL34,Completed,Washed / Wet,8.08,8.08,8.25,8.08,7.92,8.0,10.0,10.0,10.0,8.25,0.0,86.67,10.8,0,0,greenish,0,2023-11-15,Taiwan Coffee Laboratory,"QAHWAH CO., LTD 4F, No. 225, Sec. 3, Beixin Rd., Xindian Dist. New Taipei City, Taiwan","Lin, Jen-An Neil - 886-289116612"
9,"Tanzania, United Republic Of",MASHIMA AMCOS,CN 4127230034/4189230113,GOURMET COFFEE MILL,DORMAN (T) LIMITED,1550.0,KILIMANJARO,DORMAN (T) LIMITED,320,60.0,Kenya Coffee Traders Association,2022 / 2023,2023-02-01,Gilbert Maina,Bourbon,Completed,Washed / Wet,8.08,8.17,8.08,8.17,8.0,8.0,10.0,10.0,10.0,8.0,0.0,86.5,11.0,0,0,greenish,0,2024-02-01,Kenya Coffee Traders Association,"P.O. Box 646 00100Nairobi, Kenya, Denniss Pritt Road, Opposite St Georges Girls Secondary School",Benson Kibicho Kamau - +254 786 821 621
10,Ethiopia,TADE GG,010/0296/600,Moledo,"Marubeni corp.,",2000.0,Guji,Tesfaye Bekele Degaga,10,30.0,Japan Coffee Exchange,2021 / 2022,2022-05-31,ERI ASAEDA,Ethiopian Heirlooms,Completed,Natural / Dry,8.08,8.25,8.0,8.08,7.92,7.92,10.0,10.0,10.0,8.0,0.0,86.25,11.8,0,1,greenish,1,2023-05-31,Japan Coffee Exchange,"413-0002 1173-58 Izusan, Atami, Shizuoka, 413-0002 JAPAN",Koju Matsuzawa - +81(0)9085642901
11,Guatemala,Karen Acajabon Coffee Farm,"The 2022 Pacific Rim Coffee Summit,GT12",Cafetoland,Taiwan Coffee Laboratory,2000.0,Acatenango,Karen Acajabon,5,15.0,Taiwan Coffee Laboratory,2021,2022-11-15,Full Sweet Coffee,Gesha,Completed,Natural / Dry,8.08,8.0,8.0,7.75,8.25,8.17,10.0,10.0,10.0,8.0,0.0,86.25,11.5,0,0,brownish,1,2023-11-15,Taiwan Coffee Laboratory,"QAHWAH CO., LTD 4F, No. 225, Sec. 3, Beixin Rd., Xindian Dist. New Taipei City, Taiwan","Lin, Jen-An Neil - 886-289116612"
12,Taiwan,Goodfun Coffee Farm,"The 2022 Pacific Rim Coffee Summit,T051",Unknown,Taiwan Coffee Laboratory,1250.0,Yunlin,Unknown,1,60.0,Taiwan Coffee Laboratory,2021 / 2022,2022-11-15,Goodfun,Gesha,Completed,Washed / Wet,8.08,8.0,8.08,8.08,8.0,8.0,10.0,10.0,10.0,8.0,0.0,86.25,11.9,0,0,green,0,2023-11-15,Taiwan Coffee Laboratory,"QAHWAH CO., LTD 4F, No. 225, Sec. 3, Beixin Rd., Xindian Dist. New Taipei City, Taiwan","Lin, Jen-An Neil - 886-289116612"
13,Ethiopia,Gelana Geisha,"Grade 1, Guji, Natural, Gelana Geisha",Dry Mill or Hulling Facility,Kerchanshe Trading PLC,1950.0,Guji,Kerchanshe,40,60.0,METAD Agricultural Development plc,2021 / 2022,2022-08-26,Isreal Degefa,Gesha,Completed,Natural / Dry,7.67,8.17,8.0,8.33,8.0,8.0,10.0,10.0,10.0,8.0,0.0,86.17,11.6,0,3,yellow- green,2,2023-08-26,METAD Agricultural Development plc,"BAWA Center, 3rd Floor (Gerji), Addis Ababa, Ethiopia","Aman Adinew (Emebet Dinku) - +251-116-292534, +251-911-519196"
14,Colombia,La Gaitania,"The 2022 Pacific Rim Coffee Summit,CO03",La Gaitania,Taiwan Coffee Laboratory,1850.0,tolima,Josue Enciso Suarez,70,35.0,Taiwan Coffee Laboratory,2021 / 2022,2022-11-15,PeiHsun Lin,Caturra,Completed,Washed / Wet,8.08,8.0,8.08,7.92,8.08,8.0,10.0,10.0,10.0,8.0,0.0,86.17,10.6,0,0,green,0,2023-11-15,Taiwan Coffee Laboratory,"QAHWAH CO., LTD 4F, No. 225, Sec. 3, Beixin Rd., Xindian Dist. New Taipei City, Taiwan","Lin, Jen-An Neil - 886-289116612"
15,Taiwan,Unknown,"The 2022 Pacific Rim Coffee Summit,T014",Unknown,Taiwan Coffee Laboratory,1100.0,Chiayi,Unknown,1,60.0,Taiwan Coffee Laboratory,2021 / 2022,2022-11-15,Taiwan Coffee Laboratory,SL34,Completed,Pulped natural / honey,8.17,8.08,8.0,7.92,8.0,7.92,10.0,10.0,10.0,8.0,0.0,86.08,10.2,0,0,green,0,2023-11-15,Taiwan Coffee Laboratory,"QAHWAH CO., LTD 4F, No. 225, Sec. 3, Beixin Rd., Xindian Dist. New Taipei City, Taiwan","Lin, Jen-An Neil - 886-289116612"
16,Ethiopia,Halo Bariti Cooprative,CQU2023006,Halo Bariti Cooprative,Coffee Quality Union,2000.0,"Gedeb,Yirgacheffe,Sidamo",Halo Bariti Cooprative,8,5.0,Japan Coffee Exchange,2022,2023-04-07,Coffee Quality Union,"Wolishalo,Kurume,Dega",Completed,Washed / Wet,8.17,8.08,7.92,8.17,7.75,7.92,10.0,10.0,10.0,8.08,0.0,86.08,11.3,0,2,green,2,2024-04-06,Japan Coffee Exchange,"413-0002 1173-58 Izusan, Atami, Shizuoka, 413-0002 JAPAN",Koju Matsuzawa - +81(0)9085642901
17,Taiwan,Unknown,202203,yes,Dongbi coffee,1300.0,"Shibi, Gukeng Township, Yunlin County , Taiwan (R.O.C.)",Unknown,5,2.0,Blossom Valley International,2022,2022-10-24,Dongbi,Gesha,Completed,Natural / Dry,8.0,8.17,8.0,7.92,7.92,7.92,10.0,10.0,10.0,8.17,0.0,86.08,10.3,0,0,yellow-green,0,2023-10-24,Blossom Valley International,No.72 Mo-Fan St. Taiwan Zip: 403,Damon Chen - +886423022323
18,Taiwan,Unknown,202112,yes,Unknown,1200.0,"Gukeng Township, Yunlin County",Unknown,8,1.0,Blossom Valley International,2021 / 2022,2022-10-24,Unknown,Gesha,Completed,Natural / Dry,8.08,8.17,7.75,7.92,7.83,8.0,10.0,10.0,10.0,8.17,0.0,85.92,11.0,0,0,brownish,1,2023-10-24,Blossom Valley International,No.72 Mo-Fan St. Taiwan Zip: 403,Damon Chen - +886423022323
19,"Tanzania, United Republic Of",BURKA,CN 4127230032/P-9140,GOURMET COFFEE MILL,DORMAN (T) LIMITED,1585.0,Arusha,DORMAN (T) LIMITED,200,30.0,Kenya Coffee Traders Association,2022 / 2023,2023-02-01,Gilbert Maina,Bourbon,Completed,Washed / Wet,8.17,8.0,7.92,7.92,8.17,7.75,10.0,10.0,10.0,7.92,0.0,85.83,10.0,0,0,greenish,0,2024-02-01,Kenya Coffee Traders Association,"P.O. Box 646 00100Nairobi, Kenya, Denniss Pritt Road, Opposite St Georges Girls Secondary School",Benson Kibicho Kamau - +254 786 821 621
20,Guatemala,Finca Vista Hermosa,"The 2022 Pacific Rim Coffee Summit,GT03",El Vergel,Taiwan Coffee Laboratory,1900.0,"Guatemala, Fraijanes, Santa Rosa",Fredy Orantes,8,30.0,Taiwan Coffee Laboratory,2021 / 2022,2022-11-15,Carlos Pascual -,Gesha,Completed,Natural / Dry,8.0,7.92,8.08,7.92,7.75,8.0,10.0,10.0,10.0,8.08,0.0,85.75,11.6,0,0,yellowish,0,2023-11-15,Taiwan Coffee Laboratory,"QAHWAH CO., LTD 4F, No. 225, Sec. 3, Beixin Rd., Xindian Dist. New Taipei City, Taiwan","Lin, Jen-An Neil - 886-289116612"
21,Taiwan,Uncle Chung.s Coffee Farm,2022/03,Uncle Chung.s Coffee Farm,Taiwan Coffee Laboratory,850.0,Zhuoxi Township,YU TING YU,1,20.0,Taiwan Coffee Laboratory,2022,2022-12-12,Yu Ting Yu,Typica,Completed,Natural / Dry,8.08,8.0,7.92,7.92,8.0,7.83,10.0,10.0,10.0,7.92,0.0,85.67,10.4,0,0,green,0,2023-12-12,Taiwan Coffee Laboratory,"QAHWAH CO., LTD 4F, No. 225, Sec. 3, Beixin Rd., Xindian Dist. New Taipei City, Taiwan","Lin, Jen-An Neil - 886-289116612"
22,Thailand,Hom Doi,1,Machines to peel outer skin of the cherry coffee and coffee is dried manually,Lyrose,1600.0,Chiang Mai,Lisu farmers,2,1.0,FABB Academy of Coffee,2021 / 2022,2022-08-16,Christian Charmette,Catimor,Completed,Pulped natural / honey,7.67,8.0,7.83,8.0,8.08,8.0,10.0,10.0,10.0,8.08,0.0,85.67,9.8,0,0,browish-green,5,2023-08-16,FABB Academy of Coffee,"FABB ACADEMY OF COFFEE 259/313 SUKHUMVIT 71 RD., SOI PRIDI BANOMYONG 15, VHADANA BKK, 10110 THAILAND",Janejira Kamonsawedkun - +(66) 095 095 9593
23,Colombia,El Diamante,CQU2023005,El Diamante,Coffee Quality Union,1350.0,Quindio,Farm Bedoya Arango,6,5.0,Japan Coffee Exchange,2022,2023-04-07,Coffee Quality Union,Castillo Paraguaycito,Completed,nan,8.08,8.0,7.83,8.17,7.75,7.83,10.0,10.0,10.0,8.0,0.0,85.67,11.3,0,0,brownish,2,2024-04-06,Japan Coffee Exchange,"413-0002 1173-58 Izusan, Atami, Shizuoka, 413-0002 JAPAN",Koju Matsuzawa - +81(0)9085642901
24,Taiwan,Unknown,"The 2022 Pacific Rim Coffee Summit, T003",Unknown,Taiwan Coffee Laboratory,1250.0,Yunlin,Unknown,4,50.0,Taiwan Coffee Laboratory,2021 / 2022,2022-11-15,Taiwan Coffee Laboratory,SL34,Completed,Washed / Wet,7.83,8.0,7.92,8.0,8.0,7.92,10.0,10.0,10.0,7.92,0.0,85.58,10.6,0,0,bluish-green,0,2023-11-15,Taiwan Coffee Laboratory,"QAHWAH CO., LTD 4F, No. 225, Sec. 3, Beixin Rd., Xindian Dist. New Taipei City, Taiwan","Lin, Jen-An Neil - 886-289116612"
25,Brazil,Fazenda Recreio,Arara 1,Dry mill,"WIT wealth, investments & trust",1250.0,Regio Vulcnica,Diogo T. Dias de Macedo,25,60.0,Brazil Specialty Coffee Association,2022,2023-01-06,Andre Clark,nan,Completed,Pulped natural / honey,7.83,8.08,7.83,7.92,8.0,7.83,10.0,10.0,10.0,8.0,0.0,85.5,11.3,2,0,green,3,2024-01-06,Brazil Specialty Coffee Association,"Rua Gaspar Batista Paiva, 416 Santa Luiza Varginha/MG Brazil",Chris Allen - 55 35 3212-4705
26,Taiwan,ZouZhouYuan,"The 2022 Pacific Rim Coffee Summit,T024",ZouZhouYuan,Taiwan Coffee Laboratory,1300.0,Chiayi,Unknown,1,100.0,Taiwan Coffee Laboratory,2021 / 2022,2022-11-15,"Fang, Cheng Lun",Gesha,Completed,Natural / Dry,7.92,7.92,8.0,7.92,7.83,7.92,10.0,10.0,10.0,8.0,0.0,85.5,9.1,0,0,green,2,2023-11-15,Taiwan Coffee Laboratory,"QAHWAH CO., LTD 4F, No. 225, Sec. 3, Beixin Rd., Xindian Dist. New Taipei City, Taiwan","Lin, Jen-An Neil - 886-289116612"
27,Taiwan,Unknown,"The 2022 Pacific Rim Coffee Summit,T048",Unknown,Taiwan Coffee Laboratory,1200.0,Yunlin,Unknown,1,90.0,Taiwan Coffee Laboratory,2021 / 2022,2022-11-15,"Jhih Hao,GUO",Gesha,Completed,Natural / Dry,8.17,8.08,7.92,8.0,7.58,7.83,10.0,10.0,10.0,7.92,0.0,85.5,10.6,0,0,green,0,2023-11-15,Taiwan Coffee Laboratory,"QAHWAH CO., LTD 4F, No. 225, Sec. 3, Beixin Rd., Xindian Dist. New Taipei City, Taiwan","Lin, Jen-An Neil - 886-289116612"
28,Taiwan,Unknown,"The 2022 Pacific Rim Coffee Summit,T045",Unknown,Taiwan Coffee Laboratory,1060.0,Chiayi,Unknown,1,85.0,Taiwan Coffee Laboratory,2021 / 2022,2022-11-15,Taiwan Coffee Laboratory,Gesha,Completed,Natural / Dry,8.0,8.0,8.0,7.92,7.75,7.92,10.0,10.0,10.0,7.92,0.0,85.5,10.2,0,0,blue-green,0,2023-11-15,Taiwan Coffee Laboratory,"QAHWAH CO., LTD 4F, No. 225, Sec. 3, Beixin Rd., Xindian Dist. New Taipei City, Taiwan","Lin, Jen-An Neil - 886-289116612"
29,United States (Hawaii),Hokukano Ranch,"The 2022 Pacific Rim Coffee Summit,US01",Kona Coffee & Tea,Taiwan Coffee Laboratory,600.0,Kona,Kona Hills LLC,80,15.0,Taiwan Coffee Laboratory,2021 / 2022,2022-11-15,Taiwan Coffee Laboratory,Typica,Completed,Washed / Wet,8.0,7.92,8.0,7.83,7.67,8.0,10.0,10.0,10.0,8.0,0.0,85.42,9.3,0,0,green,0,2023-11-15,Taiwan Coffee Laboratory,"QAHWAH CO., LTD 4F, No. 225, Sec. 3, Beixin Rd., Xindian Dist. New Taipei City, Taiwan","Lin, Jen-An Neil - 886-289116612"
30,Taiwan,Siang-Ting Organic Farm,2022/3/1(),Siang-Ting Organic Farm,Taiwan Coffee Laboratory,200.0,Shoufeng Township,Zhang Jin-Yi,3,48.0,Taiwan Coffee Laboratory,2022,2022-12-12,Zhang Jin Yi,Typica,Completed,Washed / Wet,8.0,8.0,7.83,7.83,7.75,7.92,10.0,10.0,10.0,8.08,0.0,85.42,11.4,0,0,bluish-green,0,2023-12-12,Taiwan Coffee Laboratory,"QAHWAH CO., LTD 4F, No. 225, Sec. 3, Beixin Rd., Xindian Dist. New Taipei City, Taiwan","Lin, Jen-An Neil - 886-289116612"
31,Taiwan,Siang-Ting Organic Farm,2022/02,Siang-Ting Organic Farm,Taiwan Coffee Laboratory,200.0,Shoufeng Township,Zhang Jin-Yi,3,50.0,Taiwan Coffee Laboratory,2022,2022-12-12,Zhang Jin Yi,Typica,Completed,Washed / Wet,7.92,8.0,7.83,7.92,7.83,7.83,10.0,10.0,10.0,8.0,0.0,85.33,10.8,0,0,green,0,2023-12-12,Taiwan Coffee Laboratory,"QAHWAH CO., LTD 4F, No. 225, Sec. 3, Beixin Rd., Xindian Dist. New Taipei City, Taiwan","Lin, Jen-An Neil - 886-289116612"
32,Taiwan,(Jinzan Coffee Estate),2022,(Jinzan Coffee Estate),Taiwan Coffee Laboratory,668.0,"Dongshan Dist., Tainan City","(YE,MING-ZAN)",4,5.0,Taiwan Coffee Laboratory,2022,2022-06-08,Taiwan Coffee Laboratory,Gesha,Completed,Washed / Wet,8.08,8.17,7.67,7.83,7.67,7.92,10.0,10.0,10.0,8.0,0.0,85.33,11.3,0,0,green,0,2023-06-08,Taiwan Coffee Laboratory,"QAHWAH CO., LTD 4F, No. 225, Sec. 3, Beixin Rd., Xindian Dist. New Taipei City, Taiwan","Lin, Jen-An Neil - 886-289116612"
33,Ethiopia,Eshetu farm,Washed Limmu,Lata Agri export,Alo Coffee,1950.0,Oromia,Eshetu,320,60.0,METAD Agricultural Development plc,2021 / 2022,2022-06-06,Tamiru Tadesse Tesema,Ethiopian Heirlooms,Completed,Washed / Wet,7.67,7.83,7.83,8.0,8.0,8.0,10.0,10.0,10.0,8.0,0.0,85.33,9.9,0,2,green,3,2023-06-06,METAD Agricultural Development plc,"BAWA Center, 3rd Floor (Gerji), Addis Ababa, Ethiopia","Aman Adinew (Emebet Dinku) - +251-116-292534, +251-911-519196"
34,Ethiopia,Uraga Bisrat washing station,0065,dry mill,TADESSE DESTA IMPORT & EXPORT,2250.0,Southern Ethiopia Guji,Bisrat Melaku,320,60.0,METAD Agricultural Development plc,2021 / 2022,2022-09-30,Tadessa Desta Amene,Ethiopian Heirlooms,Completed,Natural / Dry,8.0,8.08,8.0,8.0,7.67,7.75,10.0,10.0,10.0,7.83,0.0,85.33,12.3,0,3,yellow green,4,2023-09-30,METAD Agricultural Development plc,"BAWA Center, 3rd Floor (Gerji), Addis Ababa, Ethiopia","Aman Adinew (Emebet Dinku) - +251-116-292534, +251-911-519196"
35,Ethiopia,YHAENU PLC FARM,1,GUJI COFFEE EXPORT P.L.C,yhaenu plc,1700.0,OROMIA,YHAENU PLC,320,19200.0,METAD Agricultural Development plc,2021 / 2022,2022-12-12,YHAENU PLC,Ethiopian Heirlooms,Completed,Washed / Wet,7.92,7.75,7.83,8.17,8.0,7.75,10.0,10.0,10.0,7.83,0.0,85.25,9.4,0,1,greenish,1,2023-12-12,METAD Agricultural Development plc,"BAWA Center, 3rd Floor (Gerji), Addis Ababa, Ethiopia","Aman Adinew (Emebet Dinku) - +251-116-292534, +251-911-519196"
36,Taiwan,Unknown,"The 2022 Pacific Rim Coffee Summit, T004",Unknown,Taiwan Coffee Laboratory,1200.0,Chiayi,Unknown,1,100.0,Taiwan Coffee Laboratory,2021 / 2022,2022-11-15,Hsu Ting Yey,Gesha,Completed,Washed / Wet,8.0,7.92,7.83,7.92,7.83,7.83,10.0,10.0,10.0,7.92,0.0,85.25,9.5,0,0,bluish-green,0,2023-11-15,Taiwan Coffee Laboratory,"QAHWAH CO., LTD 4F, No. 225, Sec. 3, Beixin Rd., Xindian Dist. New Taipei City, Taiwan","Lin, Jen-An Neil - 886-289116612"
37,Taiwan,YU SIANG Coffee Estate,2022,YU SIANG Coffee Estate,Taiwan Coffee Laboratory,650.0,"Dongshan Dist., Tainan City","(CHEN, JIAN-YUAN)",20,5.0,Taiwan Coffee Laboratory,2022,2022-06-08,Taiwan Coffee Laboratory,Gesha,Completed,Pulped natural / honey,8.25,8.08,7.83,7.75,7.67,7.75,10.0,10.0,10.0,7.92,0.0,85.25,11.3,0,0,green,0,2023-06-08,Taiwan Coffee Laboratory,"QAHWAH CO., LTD 4F, No. 225, Sec. 3, Beixin Rd., Xindian Dist. New Taipei City, Taiwan","Lin, Jen-An Neil - 886-289116612"
38,Kenya,Small Holder,5516,NKG,IBERO (K) LTD,1750.0,Central,Small Holder,300,60.0,Kenya Coffee Traders Association,2022 / 2023,2023-02-28,Judith Murimi,SL28,Completed,Washed / Wet,8.17,7.75,7.83,7.58,7.92,8.0,10.0,10.0,10.0,8.0,0.0,85.25,9.2,0,0,greenish,1,2024-02-28,Kenya Coffee Traders Association,"P.O. Box 646 00100Nairobi, Kenya, Denniss Pritt Road, Opposite St Georges Girls Secondary School",Benson Kibicho Kamau - +254 786 821 621
39,Taiwan,Unknown,202203,yes,Unknown,850.0,"Caoling , Gukeng Township, Yunlin County",Unknown,20,1.0,Blossom Valley International,2017 / 2018,2022-10-24,CHEN RONG FENG,Gesha,Completed,Washed / Wet,7.75,7.92,7.75,8.0,7.83,7.92,10.0,10.0,10.0,8.0,0.0,85.17,10.3,0,0,bluish-green,0,2023-10-24,Blossom Valley International,No.72 Mo-Fan St. Taiwan Zip: 403,Damon Chen - +886423022323
40,Taiwan,Agriculture Production and Marketing Groups of Hualien Shlin township special crop (coffee) 1st class,2022/01,Agriculture Production and Marketing Groups of Hualien Shlin township special crop (coffee) 1st class,Taiwan Coffee Laboratory,400.0,Show Linxia Township,Li Zhi-xia,1,10.0,Taiwan Coffee Laboratory,2022,2022-12-12,Taiwan Coffee Laboratory,Typica,Completed,Natural / Dry,8.0,7.92,7.83,7.92,7.75,7.75,10.0,10.0,10.0,7.92,0.0,85.08,10.0,0,0,brownish,0,2023-12-12,Taiwan Coffee Laboratory,"QAHWAH CO., LTD 4F, No. 225, Sec. 3, Beixin Rd., Xindian Dist. New Taipei City, Taiwan","Lin, Jen-An Neil - 886-289116612"
41,Taiwan,Unknown,Unknown,Unknown,Unknown,1000.0,Unknown,Unknown,1,2.0,Taiwan Coffee Laboratory,2021 / 2022,2022-12-30,Ethan Lee,Typica,Completed,Washed / Wet,8.0,8.08,7.67,7.75,7.92,7.83,10.0,10.0,10.0,7.83,0.0,85.08,10.5,0,0,greenish,0,2023-12-30,Taiwan Coffee Laboratory,"QAHWAH CO., LTD 4F, No. 225, Sec. 3, Beixin Rd., Xindian Dist. New Taipei City, Taiwan","Lin, Jen-An Neil - 886-289116612"
42,Taiwan,Unknown,A26-Northern Taiwan Specialty Coffee Evaluation,Unknown,Taiwu Coffee Cooperative,800.0,Unknown,Unknown,1,50.0,Taiwan Coffee Laboratory,2021 / 2022,2023-01-06,Taiwu,Gesha,Completed,Washed / Wet,8.0,7.92,7.67,8.0,7.75,7.83,10.0,10.0,10.0,7.92,0.0,85.08,10.0,0,0,pale yellow,5,2024-01-06,Taiwan Coffee Laboratory,"QAHWAH CO., LTD 4F, No. 225, Sec. 3, Beixin Rd., Xindian Dist. New Taipei City, Taiwan","Lin, Jen-An Neil - 886-289116612"
43,Uganda,Gideon Kule,7938,Dry Mill,Kyagalanyi Coffee Limited,1905.0,Rwenzori,Kyagalanyi coffee limited,320,60.0,Uganda Coffee Development Authority,2021 / 2022,2022-06-29,KYAGALANYI COFFEE LIMITED,SL14,Completed,Washed / Wet,8.0,7.92,7.75,7.75,7.75,7.92,10.0,10.0,10.0,7.92,0.0,85.0,11.0,0,0,green,1,2023-06-29,Uganda Coffee Development Authority,"Coffee House, Plot 35, Jinja Road, P.O. Box 7267, Kampala, Uganda",Brenda Kamara Kemigisha Mangeni - 256773040119
44,Taiwan,iGfarm,2021/01,iGfarm,Taiwan Coffee Laboratory,150.0,Shoufeng Township,LIU MENG TSUNG,1,50.0,Taiwan Coffee Laboratory,2021 / 2022,2022-12-12,Liu Meng Tsung,Typica,Completed,nan,7.92,8.0,7.92,8.0,7.58,7.75,10.0,10.0,10.0,7.83,0.0,85.0,10.9,0,0,green,0,2023-12-12,Taiwan Coffee Laboratory,"QAHWAH CO., LTD 4F, No. 225, Sec. 3, Beixin Rd., Xindian Dist. New Taipei City, Taiwan","Lin, Jen-An Neil - 886-289116612"
45,Taiwan,Unknown,"The 2022 Pacific Rim Coffee Summit,T011",Unknown,Taiwan Coffee Laboratory,800.0,Yunlin,Unknown,6,50.0,Taiwan Coffee Laboratory,2021 / 2022,2022-11-15,Taiwan Coffee Laboratory,Gesha,Completed,Natural / Dry,8.17,8.08,7.83,7.67,7.67,7.75,10.0,10.0,10.0,7.83,0.0,85.0,10.1,0,0,yellow green,0,2023-11-15,Taiwan Coffee Laboratory,"QAHWAH CO., LTD 4F, No. 225, Sec. 3, Beixin Rd., Xindian Dist. New Taipei City, Taiwan","Lin, Jen-An Neil - 886-289116612"
46,Guatemala,varias fincas,11/15/118,Beneficio Pastores,"Peter Schoenfeld, S.A.",1600.0,Antigua,Varios productores,600,30.0,Asociacion Nacional Del Caf,2022 / 2023,2023-04-17,Yesica Alejandra Martnez Vsquez,Caturra,Completed,Washed / Wet,7.67,8.08,7.67,8.0,7.92,7.83,10.0,10.0,10.0,7.83,0.0,85.0,9.9,0,1,green,1,2024-04-16,Asociacion Nacional Del Caf,"5a Calle 0-50, Zona 14 Guatemala City, Guatemala 1014",Brayan Cifuentes -
47,Guatemala,PEA BLANCA,11/951/279,BENEFICIO LAS AMERICAS,"OLAM AGRO GUATEMALA, S.A.",4700.0,Santa Rosa,PABLO CHUY,632,30.0,Asociacion Nacional Del Caf,2022 / 2023,2023-02-23,Yesica Alejandra Martnez Vsquez,Catuai,Completed,Washed / Wet,7.67,8.0,7.75,7.92,8.0,7.83,10.0,10.0,10.0,7.83,0.0,85.0,11.3,0,0,green,4,2024-02-23,Asociacion Nacional Del Caf,"5a Calle 0-50, Zona 14 Guatemala City, Guatemala 1014",Brayan Cifuentes -
48,Guatemala,san francisco cotzal,11/441/50,"inmobiliaria e inversiones dos mil, s.a.","inmobiliaria e inversiones dos mil, s.a.",1600.0,quiche,san francisco cotzal,275,69.0,Asociacion Nacional Del Caf,2021 / 2022,2022-06-22,Angelica Paola Citan Lopez,Caturra,Completed,Washed / Wet,7.83,7.92,7.75,8.0,7.75,7.75,10.0,10.0,10.0,7.92,0.0,84.92,11.7,0,3,green,1,2023-06-22,Asociacion Nacional Del Caf,"5a Calle 0-50, Zona 14 Guatemala City, Guatemala 1014",Brayan Cifuentes -
49,Taiwan,Unknown,A03-Northern Taiwan Specialty Coffee Evaluation,Unknown,Taiwu Coffee Cooperative,375.0,Unknown,Unknown,1,13.0,Taiwan Coffee Laboratory,2021 / 2022,2023-01-06,Taiwu,Typica,Completed,Washed / Wet,7.92,7.92,7.83,7.83,7.75,7.83,10.0,10.0,10.0,7.83,0.0,84.92,9.5,0,0,green,2,2024-01-06,Taiwan Coffee Laboratory,"QAHWAH CO., LTD 4F, No. 225, Sec. 3, Beixin Rd., Xindian Dist. New Taipei City, Taiwan","Lin, Jen-An Neil - 886-289116612"
50,Taiwan,Unknown,A23-Northern Taiwan Specialty Coffee Evaluation,Unknown,Taiwu Coffee Cooperative,230.0,Unknown,Unknown,1,4.0,Taiwan Coffee Laboratory,2021 / 2022,2023-01-06,Taiwu,Yellow Bourbon,Completed,Natural / Dry,8.0,8.0,7.75,7.75,7.67,7.75,10.0,10.0,10.0,7.92,0.0,84.83,9.7,0,0,brownish,0,2024-01-06,Taiwan Coffee Laboratory,"QAHWAH CO., LTD 4F, No. 225, Sec. 3, Beixin Rd., Xindian Dist. New Taipei City, Taiwan","Lin, Jen-An Neil - 886-289116612"
51,Indonesia,PT Indo CafCo North Sumatera,016/1513/262,PT Indo CafCo,InterAmerican Coffee,1200.0,Aceh Tengah,PT Indo CafCo North Sumatera,320,60.0,NKG Quality Service (a division of Bernhard Rothfos Intercaf AG),2022,2022-09-23,Charles Umeano,Catimor,Completed,nan,7.83,7.92,7.75,7.83,7.83,7.83,10.0,10.0,10.0,7.83,0.0,84.83,11.9,0,3,bluish-green,2,2023-09-23,NKG Quality Service (a division of Bernhard Rothfos Intercaf AG),"Bahnhofstrasse 22 6300 Zug, Switzerland",Tirza Odermatt - +41 41 728 72 81
52,Peru,Ruya Yayu Farm,"The 2022 Pacific Rim Coffee Summit,PE02",no.,Taiwan Coffee Laboratory,1750.0,Villa Rica,Ruya Yayu,3,5.0,Taiwan Coffee Laboratory,2022,2022-11-15,Taiwan Coffee Laboratory,Gesha,Completed,Washed / Wet,8.0,8.0,7.83,7.83,7.58,7.83,10.0,10.0,10.0,7.75,0.0,84.83,10.7,0,0,greenish,0,2023-11-15,Taiwan Coffee Laboratory,"QAHWAH CO., LTD 4F, No. 225, Sec. 3, Beixin Rd., Xindian Dist. New Taipei City, Taiwan","Lin, Jen-An Neil - 886-289116612"
53,"Tanzania, United Republic Of",IYENGA,S59588/P03989,CITY COFFEE LTD,VOLCAFE/TaylorWinch Tanzania Ltd,1654.0,Mbeya,IYENGA AMCOS,620,30.0,Kenya Coffee Traders Association,2022 / 2023,2022-11-09,Balam Hinyula,Bourbon,Completed,Washed / Wet,7.92,7.75,7.75,7.92,7.83,7.83,10.0,10.0,10.0,7.83,0.0,84.83,11.2,0,0,greenish,0,2023-11-09,Kenya Coffee Traders Association,"P.O. Box 646 00100Nairobi, Kenya, Denniss Pritt Road, Opposite St Georges Girls Secondary School",Benson Kibicho Kamau - +254 786 821 621
54,Taiwan,Unknown,"The 2022 Pacific Rim Coffee Summit,T029",Unknown,Taiwan Coffee Laboratory,1300.0,Chiayi,Unknown,1,25.0,Taiwan Coffee Laboratory,2021 / 2022,2022-11-15,Taiwan Coffee Laboratory,SL34,Completed,Natural / Dry,7.83,7.83,7.67,7.67,7.83,8.0,10.0,10.0,10.0,8.0,0.0,84.83,9.5,0,0,greenish,0,2023-11-15,Taiwan Coffee Laboratory,"QAHWAH CO., LTD 4F, No. 225, Sec. 3, Beixin Rd., Xindian Dist. New Taipei City, Taiwan","Lin, Jen-An Neil - 886-289116612"
55,Taiwan,Unknown,"The 2022 Pacific Rim Coffee Summit,T039",Unknown,Taiwan Coffee Laboratory,1400.0,Nantou,Unknown,1,30.0,Taiwan Coffee Laboratory,2021 / 2022,2022-11-15,Taiwan Coffee Laboratory,SL34,Completed,Washed / Wet,7.67,7.92,7.92,7.83,7.75,7.83,10.0,10.0,10.0,7.83,0.0,84.75,10.4,0,0,green,0,2023-11-15,Taiwan Coffee Laboratory,"QAHWAH CO., LTD 4F, No. 225, Sec. 3, Beixin Rd., Xindian Dist. New Taipei City, Taiwan","Lin, Jen-An Neil - 886-289116612"
56,Brazil,Fazenda Guariroba,FBT111,Wet-Hulling,Mirai Seeds Corp.,1100.0,Campo das Vertentes,Homero Paiva,5,36.0,Japan Coffee Exchange,2022,2023-02-13,Marcelo Itoh,Yellow Bourbon,Completed,Double Carbonic Maceration / Natural,7.83,7.92,7.75,7.92,7.67,7.83,10.0,10.0,10.0,7.83,0.0,84.75,11.2,0,1,green,5,2024-02-13,Japan Coffee Exchange,"413-0002 1173-58 Izusan, Atami, Shizuoka, 413-0002 JAPAN",Koju Matsuzawa - +81(0)9085642901
57,Panama,La Santa,2-237-05,La Santa,Panamerican Coffee Trading,1200.0,Boquete,La Santa,200,30.0,Specialty Coffee Association of Costa Rica,2022 / 2023,2023-04-26,Rodrigo Soto,Catuai,Completed,Washed / Wet,7.83,7.83,7.75,7.92,7.83,7.75,10.0,10.0,10.0,7.83,0.0,84.75,10.3,0,1,bluish-green,5,2024-04-25,Specialty Coffee Association of Costa Rica,"Blvd Rohrmoser, de Prisma Dental 200 norte y 25 oeste, casa 21",Noelia Villalobos - (506) 2220 0685
58,Taiwan,Unknown,Unknown,Unknown,Unknown,1200.0,Unknown,Unknown,1,2.0,Taiwan Coffee Laboratory,2021 / 2022,2022-12-30,Ethan Lee,Yellow Bourbon,Completed,Pulped natural / honey,7.92,8.08,7.67,7.92,7.67,7.75,10.0,10.0,10.0,7.75,0.0,84.75,10.0,0,0,blue-green,0,2023-12-30,Taiwan Coffee Laboratory,"QAHWAH CO., LTD 4F, No. 225, Sec. 3, Beixin Rd., Xindian Dist. New Taipei City, Taiwan","Lin, Jen-An Neil - 886-289116612"
59,Guatemala,Varias Fincas,11/15/117,Varios Beneficios,"Peter Schoenfeld, S.A.",1600.0,Huehuetenango,Varios Productores,600,30.0,Asociacion Nacional Del Caf,2022 / 2023,2023-04-28,Yesica Alejandra Martnez Vsquez,Caturra,Completed,Washed / Wet,7.67,8.0,7.67,7.83,7.92,7.67,10.0,10.0,10.0,7.92,0.0,84.67,10.6,0,0,green,1,2024-04-27,Asociacion Nacional Del Caf,"5a Calle 0-50, Zona 14 Guatemala City, Guatemala 1014",Brayan Cifuentes -
60,Guatemala,SAN RAFAEL URIAS VALDES,11/54876/03,ECO COFFEE,"VALBROS, S. A.",4895.0,ANTIGUA GUATEMALA,"VALBROS, S. A.",66,30.0,Asociacion Nacional Del Caf,2021 / 2022,2022-05-19,Angelica Paola Citan Lopez,Bourbon,Completed,Natural / Dry,7.83,8.0,7.67,7.83,7.75,7.75,10.0,10.0,10.0,7.83,0.0,84.67,10.9,0,3,yellow-green,2,2023-05-19,Asociacion Nacional Del Caf,"5a Calle 0-50, Zona 14 Guatemala City, Guatemala 1014",Brayan Cifuentes -
61,Costa Rica,Gamboa Farm,12075,Beneficio Montaas del Diamante,CECA S.A.,1850.0,Tarrazu,Martin Gutierrez,260,69.0,Specialty Coffee Association of Costa Rica,2022 / 2023,2023-04-19,Joselyn Morales Quesada,Caturra,Completed,Washed / Wet,7.58,7.83,7.5,7.67,7.83,7.67,10.0,10.0,10.0,8.58,0.0,84.67,10.0,0,1,green,2,2024-04-18,Specialty Coffee Association of Costa Rica,"Blvd Rohrmoser, de Prisma Dental 200 norte y 25 oeste, casa 21",Noelia Villalobos - (506) 2220 0685
62,Taiwan,8,A11-Northern Taiwan Specialty Coffee Evaluation,8,Taiwu Coffee Cooperative,250.0,Unknown,Unknown,1,16.0,Taiwan Coffee Laboratory,2021 / 2022,2023-01-06,Taiwu,Typica,Completed,Pulped natural / honey,7.83,7.83,7.75,7.75,7.75,7.75,10.0,10.0,10.0,7.92,0.0,84.58,9.6,0,0,greenish,0,2024-01-06,Taiwan Coffee Laboratory,"QAHWAH CO., LTD 4F, No. 225, Sec. 3, Beixin Rd., Xindian Dist. New Taipei City, Taiwan","Lin, Jen-An Neil - 886-289116612"
63,Taiwan,(Dachu Coffee Estate),2022,(Dachu Coffee Estate),Taiwan Coffee Laboratory,700.0,"( Dongshan Dist., Tainan City)","KUO,YA-TSUNG",16,5.0,Taiwan Coffee Laboratory,2022,2022-06-08,"KUO, YA-TSUNG",Gesha,Completed,Pulped natural / honey,8.17,7.83,7.67,7.83,7.67,7.67,10.0,10.0,10.0,7.75,0.0,84.58,11.5,0,0,green,0,2023-06-08,Taiwan Coffee Laboratory,"QAHWAH CO., LTD 4F, No. 225, Sec. 3, Beixin Rd., Xindian Dist. New Taipei City, Taiwan","Lin, Jen-An Neil - 886-289116612"
64,Nicaragua,Finca Las Dos Marias,10 1.1,"Compare Coperativo Condega, Esteli, Nicaragua",NicaNoLA Coffee,1350.0,ESTELI,NicaNoLA Coffee,74,45.0,Specialty Coffee Association,2021 / 2022,2022-06-09,rene j alcebo,Catrenic,Completed,Natural / Dry,7.92,7.75,7.67,7.67,7.83,7.75,10.0,10.0,10.0,8.0,0.0,84.58,9.9,1,0,green,2,2023-06-09,Specialty Coffee Association,*CURRENTLY NOT ACCEPTING SAMPLES**,Brit Amell (CQI) - bamell@coffeeinstitute.org -
65,Taiwan,Unknown,"The 2022 Pacific Rim Coffee Summit,T036",Unknown,Taiwan Coffee Laboratory,1250.0,Chiayi,Unknown,1,80.0,Taiwan Coffee Laboratory,2021 / 2022,2022-11-15,Pu Han Wen,Gesha,Completed,Washed / Wet,8.08,7.83,7.67,7.67,7.67,7.75,10.0,10.0,10.0,7.92,0.0,84.58,11.2,0,0,green,2,2023-11-15,Taiwan Coffee Laboratory,"QAHWAH CO., LTD 4F, No. 225, Sec. 3, Beixin Rd., Xindian Dist. New Taipei City, Taiwan","Lin, Jen-An Neil - 886-289116612"
66,Taiwan,Unknown,"The 2022 Pacific Rim Coffee Summit,T042",Unknown,Taiwan Coffee Laboratory,1450.0,Chiayi,Unknown,1,104.0,Taiwan Coffee Laboratory,2021 / 2022,2022-11-15,Taiwan Coffee Laboratory,SL34,Completed,Natural / Dry,7.83,8.0,7.67,7.75,7.67,7.75,10.0,10.0,10.0,7.92,0.0,84.58,10.3,0,0,green,0,2023-11-15,Taiwan Coffee Laboratory,"QAHWAH CO., LTD 4F, No. 225, Sec. 3, Beixin Rd., Xindian Dist. New Taipei City, Taiwan","Lin, Jen-An Neil - 886-289116612"
67,Vietnam,CupnCare,"The 2022 Pacific Rim Coffee Summit,VN02",CupnCare,Taiwan Coffee Laboratory,650.0,Quang Tri,TONG PHUC LAM TRADING SERVICES COMPANY LIMITED,3,5.0,Taiwan Coffee Laboratory,2021 / 2022,2022-11-15,Taiwan Coffee Laboratory,Catimor,Completed,Natural / Dry,8.0,7.83,7.75,7.67,7.58,7.83,10.0,10.0,10.0,7.92,0.0,84.58,11.6,0,0,brownish,0,2023-11-15,Taiwan Coffee Laboratory,"QAHWAH CO., LTD 4F, No. 225, Sec. 3, Beixin Rd., Xindian Dist. New Taipei City, Taiwan","Lin, Jen-An Neil - 886-289116612"
68,Costa Rica,La Cumbre,CQU2022018,La Montana Tarrazu MIll,Coffee Quality Union,1900.0,"Los Santos,Tarrazu",Santa Maria de Dota,1,22.0,Japan Coffee Exchange,2022,2022-10-04,Coffee Quality Union,Gesha,Completed,Washed / Wet,7.75,7.83,7.67,7.83,7.75,7.75,10.0,10.0,10.0,7.92,0.0,84.5,11.7,0,1,green,0,2023-10-04,Japan Coffee Exchange,"413-0002 1173-58 Izusan, Atami, Shizuoka, 413-0002 JAPAN",Koju Matsuzawa - +81(0)9085642901
69,Taiwan,55,A37-Northern Taiwan Specialty Coffee Evaluation,55,Taiwu Coffee Cooperative,520.0,Unknown,Unknown,1,300.0,Taiwan Coffee Laboratory,2021 / 2022,2023-01-06,Taiwu,unknown,Completed,Pulped natural / honey,7.75,7.92,7.83,7.75,7.75,7.75,10.0,10.0,10.0,7.75,0.0,84.5,11.3,0,0,bluish-green,0,2024-01-06,Taiwan Coffee Laboratory,"QAHWAH CO., LTD 4F, No. 225, Sec. 3, Beixin Rd., Xindian Dist. New Taipei City, Taiwan","Lin, Jen-An Neil - 886-289116612"
70,Honduras,La Cuchilla,36,Global Coffee,Mercon Honduras,1368.0,"Centro, Lagunetillas-Ajuterique, Comayagua",Jose Nahum Maldonado,340,69.0,Instituto Hondureo del Caf,2022 / 2023,2023-04-25,Comercial Internacional de Granos de Honduras SA de CV,Catuai,Completed,Washed / Wet,7.83,7.92,7.75,7.75,7.75,7.75,10.0,10.0,10.0,7.75,0.0,84.5,9.8,0,0,green,3,2024-04-24,Instituto Hondureo del Caf,"Laboratorio de Control de Calidad de Caf ( CNCC), 33 Calle, 1-2 Avenida, Sector El Cacao. San Pedro Sula, Cortes",Ramon Reyes - + 504 9693-9042
71,Ethiopia,TRACON TRADING PLC,0712,5.2Ha,Tracon Trading PLC,1943.0,Ethiopia,TRACON TRADING PLC,584,30.0,Blossom Valley International,2021 / 2022,2022-08-23,LI XIAO FEI,Ethiopian Heirlooms,Completed,Washed / Wet,7.92,7.83,7.75,7.92,7.58,7.67,10.0,10.0,10.0,7.83,0.0,84.5,10.9,0,0,green,9,2023-08-23,Blossom Valley International,No.72 Mo-Fan St. Taiwan Zip: 403,Damon Chen - +886423022323
72,Taiwan,917 (917 Farm),2021/11,917 (917 Farm),Taiwan Coffee Laboratory,400.0,Yuli Township,Huang Yi-xuan,1,20.0,Taiwan Coffee Laboratory,2021 / 2022,2022-12-12,Unknown,Typica,Completed,Natural / Dry,8.08,7.92,7.75,7.83,7.5,7.58,10.0,10.0,10.0,7.83,0.0,84.5,10.2,0,0,green,0,2023-12-12,Taiwan Coffee Laboratory,"QAHWAH CO., LTD 4F, No. 225, Sec. 3, Beixin Rd., Xindian Dist. New Taipei City, Taiwan","Lin, Jen-An Neil - 886-289116612"
73,Taiwan,Unknown,"The 2022 Pacific Rim Coffee Summit,T031",Unknown,Taiwan Coffee Laboratory,850.0,Yunlin,Unknown,1,100.0,Taiwan Coffee Laboratory,2021 / 2022,2022-11-15,Taiwan Coffee Laboratory,Gesha,Completed,Washed / Wet,7.83,8.0,7.5,7.75,7.75,7.75,10.0,10.0,10.0,7.83,0.0,84.42,10.1,0,0,bluish-green,1,2023-11-15,Taiwan Coffee Laboratory,"QAHWAH CO., LTD 4F, No. 225, Sec. 3, Beixin Rd., Xindian Dist. New Taipei City, Taiwan","Lin, Jen-An Neil - 886-289116612"
74,Guatemala,Finca Alta Luz,11-63-657,nan,"Retrillas del pacifico, s.a.",1350.0,Huehuetenango,Maria de los Angeles Perez,600,30.0,Asociacion Nacional Del Caf,2022 / 2023,2023-04-26,Yesica Alejandra Martnez Vsquez,Bourbon,Completed,Washed / Wet,7.67,7.83,7.75,7.75,7.83,7.75,10.0,10.0,10.0,7.75,0.0,84.33,9.2,0,1,green,5,2024-04-25,Asociacion Nacional Del Caf,"5a Calle 0-50, Zona 14 Guatemala City, Guatemala 1014",Brayan Cifuentes -
75,United States (Hawaii),Miranda's Farm,Islanders Coffee for Pacific Rim Summit,Greenwell,Taiwan Coffee Laboratory,1300.0,Ka'u district of Big Island,Jose & Berta Miranda,10,10.0,Taiwan Coffee Laboratory,2022,2022-11-09,Taiwan Coffee Laboratory,Catuai,Completed,Washed / Wet,7.92,7.83,7.75,7.92,7.5,7.67,10.0,10.0,10.0,7.75,0.0,84.33,10.1,3,0,yellow-green,7,2023-11-09,Taiwan Coffee Laboratory,"QAHWAH CO., LTD 4F, No. 225, Sec. 3, Beixin Rd., Xindian Dist. New Taipei City, Taiwan","Lin, Jen-An Neil - 886-289116612"
76,Ethiopia,Bisrat Melaku Washing Station,0065,Washing Station,Tadesse Desta import export,2361.0,Addis Ababa,Bisrat Melaku,320,60.0,METAD Agricultural Development plc,2021 / 2022,2022-09-19,Tadesse Desta,Ethiopian Heirlooms,Completed,Natural / Dry,7.83,7.75,7.58,7.92,8.0,7.5,10.0,10.0,10.0,7.75,0.0,84.33,11.0,0,5,yellow green,4,2023-09-19,METAD Agricultural Development plc,"BAWA Center, 3rd Floor (Gerji), Addis Ababa, Ethiopia","Aman Adinew (Emebet Dinku) - +251-116-292534, +251-911-519196"
77,El Salvador,San Nicolas,"The 2022 Pacific Rim Coffee Summit,SV01",San Nicolas,Taiwan Coffee Laboratory,1500.0,Chalatenango,various producers,20,30.0,Taiwan Coffee Laboratory,2021,2022-11-15,Taiwan Coffee Laboratory,Pacamara,Completed,Pulped natural / honey,7.83,7.83,7.83,7.83,7.67,7.67,10.0,10.0,10.0,7.67,0.0,84.33,10.3,0,0,brownish,4,2023-11-15,Taiwan Coffee Laboratory,"QAHWAH CO., LTD 4F, No. 225, Sec. 3, Beixin Rd., Xindian Dist. New Taipei City, Taiwan","Lin, Jen-An Neil - 886-289116612"
78,Colombia,Asociacion Tayronaca,NPCO-17418,Trilladora Santa Tirsa,Sucafina NA,2100.0,Sierra Nevada de Santa Marta,Grupo Tap,275,70.0,ASOCIACIN COLOMBIANA PARA LA EXCELENCIA DEL CAFE,2021 / 2022,2022-05-11,Sucafina Colombia SAS,Castillo and Colombia blend,Completed,Washed / Wet,7.75,7.75,7.75,7.75,7.83,7.67,10.0,10.0,10.0,7.83,0.0,84.33,11.6,0,0,green,1,2023-05-11,ASOCIACIN COLOMBIANA PARA LA EXCELENCIA DEL CAFE,Calle 60A #3D-32 / Planta Baja / CQ Lab ASECC,Carlos Julian Ruiz - 3212026991
79,Indonesia,"Lintong Nihuta/Dolok Sanggul,Sumatera Utara",CQU2022018,"Lintong Nihuta/Dolok Sanggul,Sumatera Utara",Coffee Quality Union,1300.0,"Lintong Nihuta/Dolok Sanggul,Sumatera Utara","Lintong Nihuta/Dolok Sanggul,Sumatera Utara",1,60.0,Japan Coffee Exchange,2022,2022-09-21,Coffee Quality Union,"Jember,TIM-TIM,Ateng",Completed,Wet Hulling,7.67,7.67,7.83,7.83,7.67,7.75,10.0,10.0,10.0,7.83,0.0,84.25,11.5,0,1,blue-green,1,2023-09-21,Japan Coffee Exchange,"413-0002 1173-58 Izusan, Atami, Shizuoka, 413-0002 JAPAN",Koju Matsuzawa - +81(0)9085642901
80,Guatemala,San jose del lago,11/15/96,San jose del lago,"Peter Schoenfeld, S.A.",1600.0,Atitln,"Cafetalera Paquim, S.A.",55,30.0,Asociacion Nacional Del Caf,2022 / 2023,2023-04-17,Yesica Alejandra Martnez Vsquez,Typica,Completed,Washed / Wet,7.58,7.92,7.67,7.75,7.83,7.75,10.0,10.0,10.0,7.75,0.0,84.25,10.0,0,0,green,1,2024-04-16,Asociacion Nacional Del Caf,"5a Calle 0-50, Zona 14 Guatemala City, Guatemala 1014",Brayan Cifuentes -
81,Madagascar,Mandroso,1,On the farm (mechanical huller and polisher / sorting by hand),Vao Vao Sarl,1500.0,Itasy,Marc Dumont,5,60.0,NKG Quality Service (a division of Bernhard Rothfos Intercaf AG),2022,2022-12-12,Marc Dumont,Bourbon,Completed,Washed / Wet,7.92,7.92,7.58,7.75,7.58,7.67,10.0,10.0,10.0,7.83,0.0,84.25,12.1,0,0,blue-green,0,2023-12-12,NKG Quality Service (a division of Bernhard Rothfos Intercaf AG),"Bahnhofstrasse 22 6300 Zug, Switzerland",Tirza Odermatt - +41 41 728 72 81
82,Honduras,La Cuchilla,8,Global Coffee,Mercon Honduras,1368.0,"Centro, Lagunetillas-Ajuterique, Comayagua",Jose Nahum Maldonado,345,30.0,Instituto Hondureo del Caf,2022 / 2023,2023-04-25,Comercial Internacional de Granos de Honduras SA de CV,Catuai,Completed,Washed / Wet,7.75,7.75,7.58,7.83,7.75,7.75,10.0,10.0,10.0,7.75,0.0,84.17,10.2,0,0,green,2,2024-04-24,Instituto Hondureo del Caf,"Laboratorio de Control de Calidad de Caf ( CNCC), 33 Calle, 1-2 Avenida, Sector El Cacao. San Pedro Sula, Cortes",Ramon Reyes - + 504 9693-9042
83,Guatemala,san francisco cotzal,11/441/49,"inmobiliaria e inversiones dos mil, s.a.","inmobiliaria e inversiones dos mil, s.a.",1600.0,quiche,san francisco cotzal,275,69.0,Asociacion Nacional Del Caf,2021 / 2022,2022-05-19,Angelica Paola Citan Lopez,Caturra,Completed,Washed / Wet,7.58,7.92,7.58,7.83,7.75,7.67,10.0,10.0,10.0,7.75,0.0,84.08,11.0,0,3,green,2,2023-05-19,Asociacion Nacional Del Caf,"5a Calle 0-50, Zona 14 Guatemala City, Guatemala 1014",Brayan Cifuentes -
84,Taiwan,Unknown,A32-Northern Taiwan Specialty Coffee Evaluation,Unknown,Taiwu Coffee Cooperative,150.0,Unknown,Unknown,1,110.0,Taiwan Coffee Laboratory,2021 / 2022,2023-01-06,Taiwu,unknown,Completed,Pulped natural / honey,7.83,7.92,7.83,7.58,7.58,7.67,10.0,10.0,10.0,7.67,0.0,84.08,10.8,0,0,greenish,2,2024-01-06,Taiwan Coffee Laboratory,"QAHWAH CO., LTD 4F, No. 225, Sec. 3, Beixin Rd., Xindian Dist. New Taipei City, Taiwan","Lin, Jen-An Neil - 886-289116612"
85,Taiwan,Unknown,"The 2022 Pacific Rim Coffee Summit,T017",Unknown,Taiwan Coffee Laboratory,800.0,Yunlin,Unknown,1,80.0,Taiwan Coffee Laboratory,2021 / 2022,2022-11-15,Taiwan Coffee Laboratory,Gesha,Completed,Natural / Dry,7.92,7.75,7.67,7.75,7.75,8.0,9.33,10.0,10.0,7.92,0.0,84.08,10.6,0,0,yello-green,0,2023-11-15,Taiwan Coffee Laboratory,"QAHWAH CO., LTD 4F, No. 225, Sec. 3, Beixin Rd., Xindian Dist. New Taipei City, Taiwan","Lin, Jen-An Neil - 886-289116612"
86,Guatemala,varias fincas,11/15/51,El Trbol/Lnea Gourmet,"Peter Schoenfeld, S.A.",1550.0,Oriente Santa rosa,varios productores,430,30.0,Asociacion Nacional Del Caf,2022 / 2023,2023-03-22,Yesica Alejandra Martnez Vsquez,Caturra,Completed,Washed / Wet,7.67,7.83,7.67,7.83,7.75,7.67,10.0,10.0,10.0,7.67,0.0,84.08,11.0,0,1,green,2,2024-03-21,Asociacion Nacional Del Caf,"5a Calle 0-50, Zona 14 Guatemala City, Guatemala 1014",Brayan Cifuentes -
87,Guatemala,varias fincas,11/15/59,El Trebol/Linea Gourmet,"Peter Schoenfeld, S.A.",1550.0,Sierra de las minas,varios productores,200,30.0,Asociacion Nacional Del Caf,2022 / 2023,2023-03-22,Yesica Alejandra Martnez Vsquez,Caturra,Completed,Washed / Wet,7.67,7.92,7.67,7.75,7.67,7.58,10.0,10.0,10.0,7.75,0.0,84.0,11.0,0,2,green,2,2024-03-21,Asociacion Nacional Del Caf,"5a Calle 0-50, Zona 14 Guatemala City, Guatemala 1014",Brayan Cifuentes -
88,Honduras,finca de la casa,"The 2022 Pacific Rim Coffee Summit,HN04",De la casa,Taiwan Coffee Laboratory,1800.0,"San Andrs, Lempira",Irma Consuelo Bonilla Hernandez,16,30.0,Taiwan Coffee Laboratory,2021 / 2022,2022-11-15,"Kao,SIng-jay",Typica,Completed,Pulped natural / honey,7.75,7.75,7.75,7.67,7.75,7.67,10.0,10.0,10.0,7.67,0.0,84.0,9.4,0,0,green,0,2023-11-15,Taiwan Coffee Laboratory,"QAHWAH CO., LTD 4F, No. 225, Sec. 3, Beixin Rd., Xindian Dist. New Taipei City, Taiwan","Lin, Jen-An Neil - 886-289116612"
89,"Tanzania, United Republic Of",KONGONI ESTATE,CN 4127230031/P-9139,RAFIKI MILL,C.DORMAN SEZ LTD,1675.0,ARUSHA,DORMAN (T) LTD,200,60.0,Kenya Coffee Traders Association,2022 / 2023,2023-01-03,Gilbert Maina,Bourbon,Completed,Washed / Wet,7.58,7.67,7.75,7.75,7.75,7.75,10.0,10.0,10.0,7.75,0.0,84.0,9.8,0,0,greenish,3,2024-01-03,Kenya Coffee Traders Association,"P.O. Box 646 00100Nairobi, Kenya, Denniss Pritt Road, Opposite St Georges Girls Secondary School",Benson Kibicho Kamau - +254 786 821 621
90,Ethiopia,Ecom Agroindustrial,1077,Beneficio humedo,Descafeinadores Mexicano SA. de CV,1800.0,Sidama,Ecom Agroindustrial,300,60.0,Centro Agroecolgico del Caf A.C.,2021 / 2022,2022-11-18,Descafeinadores Mexicanos S.A de C.V,Ethiopian Heirlooms,Completed,Washed / Wet,8.0,7.75,7.5,7.67,7.67,7.67,10.0,10.0,10.0,7.75,0.0,84.0,11.3,1,1,green,1,2023-11-18,Centro Agroecolgico del Caf A.C.,"Instituto de Ecologa A. C., Campus III Edificio A Planta Baja Carretera Antigua a Coatepec No. 351 Col. El Haya C.P. 91070 Xalapa, Veracruz, Mxico.",Stephany Escamilla Femat - Tel. +52 228 8421800 Ext. 3092
91,"Tanzania, United Republic Of",MASHIMA AMCOS,CN 4127220159/4189220459,GOURMET COFFEE MILL,DORMAN (T) LTD,1550.0,KILIMANJARO,DORMAN,320,60.0,Kenya Coffee Traders Association,2022 / 2023,2022-11-21,Gilbert Maina,Bourbon,Completed,Washed / Wet,7.75,7.58,7.58,7.92,7.67,7.75,10.0,10.0,10.0,7.75,0.0,84.0,11.6,0,0,greenish,2,2023-11-21,Kenya Coffee Traders Association,"P.O. Box 646 00100Nairobi, Kenya, Denniss Pritt Road, Opposite St Georges Girls Secondary School",Benson Kibicho Kamau - +254 786 821 621
92,Colombia,COO,3-002-00883,Laumayer Armenia,InterAmerican Coffee,1550.0,Huila,Cooperativa Central de Caficultores del Huila,275,70.0,NKG Quality Service (a division of Bernhard Rothfos Intercaf AG),2022,2022-07-27,Charles Umeano,Caturra,Completed,Washed / Wet,7.67,7.83,7.58,7.92,7.67,7.67,10.0,10.0,10.0,7.67,0.0,84.0,13.3,0,2,green,3,2023-07-27,NKG Quality Service (a division of Bernhard Rothfos Intercaf AG),"Bahnhofstrasse 22 6300 Zug, Switzerland",Tirza Odermatt - +41 41 728 72 81
93,Costa Rica,Gamboa Farm,12077-01,Beneficio Montaas del Diamante,CECA S.A.,1850.0,Tarrazu,Martin Gutierrez,250,35.0,Specialty Coffee Association of Costa Rica,2022 / 2023,2023-04-19,Joselyn Morales Quesada,Caturra,Completed,Washed / Wet,7.67,7.92,7.58,7.75,7.67,7.58,10.0,10.0,10.0,7.75,0.0,83.92,9.5,0,0,green,2,2024-04-18,Specialty Coffee Association of Costa Rica,"Blvd Rohrmoser, de Prisma Dental 200 norte y 25 oeste, casa 21",Noelia Villalobos - (506) 2220 0685
94,Guatemala,El Morito,"The 2022 Pacific Rim Coffee Summit,GT01",Sube,Taiwan Coffee Laboratory,1900.0,New Oriente,Various producers,1,15.0,Taiwan Coffee Laboratory,2021,2022-11-15,Taiwan Coffee Laboratory,Gesha,Completed,Natural / Dry,7.83,7.83,7.58,7.67,7.67,7.58,10.0,10.0,10.0,7.75,0.0,83.92,11.9,0,0,greenish,0,2023-11-15,Taiwan Coffee Laboratory,"QAHWAH CO., LTD 4F, No. 225, Sec. 3, Beixin Rd., Xindian Dist. New Taipei City, Taiwan","Lin, Jen-An Neil - 886-289116612"
95,Guatemala,San jose del lago,11/15/95,San jose del lago,"Peter Schoenfeld, S.A.",1600.0,Atitln,"Cafetalera Paquim, S.A.",35,30.0,Asociacion Nacional Del Caf,2022 / 2023,2023-04-17,Yesica Alejandra Martnez Vsquez,Bourbon,Completed,Washed / Wet,7.58,7.83,7.58,7.75,7.67,7.75,10.0,10.0,10.0,7.75,0.0,83.92,10.0,0,1,green,2,2024-04-16,Asociacion Nacional Del Caf,"5a Calle 0-50, Zona 14 Guatemala City, Guatemala 1014",Brayan Cifuentes -
96,Thailand,Baan San Charoen,CQU2022016,Baan San Charoen,Coffee Quality Union,1350.0,Nan,Phaibul Kitcharoen,1,30.0,Japan Coffee Exchange,2022,2022-09-21,Coffee Quality Union,Catimor,Completed,Natural / Dry,7.75,7.67,7.58,7.75,7.75,7.67,10.0,10.0,10.0,7.75,0.0,83.92,11.6,0,0,yellowish,3,2023-09-21,Japan Coffee Exchange,"413-0002 1173-58 Izusan, Atami, Shizuoka, 413-0002 JAPAN",Koju Matsuzawa - +81(0)9085642901
97,Colombia,nan,3/37/1370,"Racaf & CIA S.C.A, Km 5 Va Pereira",Marubeni Corporation,1411.0,Pereira,RACAFE & CIA SCA,375,70.0,Japan Coffee Exchange,2022 / 2023,2023-04-17,Ikuto Uehara,nan,Completed,Washed / Wet,7.67,7.75,7.67,7.75,7.67,7.67,10.0,10.0,10.0,7.67,0.0,83.83,11.9,0,1,green,1,2024-04-16,Japan Coffee Exchange,"413-0002 1173-58 Izusan, Atami, Shizuoka, 413-0002 JAPAN",Koju Matsuzawa - +81(0)9085642901
98,Guatemala,FINCA ALTA LUZ,11/63/908,nan,"RETRILLAS DEL PACIFICO, S. A.",1400.0,HUEHUETENANGO,MARIA DE LOS ANGELES PEREZ,600,30.0,Asociacion Nacional Del Caf,2021 / 2022,2022-05-13,Angelica Paola Citan Lopez,"BOURBON, CATURRA Y CATIMOR",Completed,Natural / Dry,7.58,7.83,7.67,7.67,7.67,7.67,10.0,10.0,10.0,7.75,0.0,83.83,10.8,0,0,green,4,2023-05-13,Asociacion Nacional Del Caf,"5a Calle 0-50, Zona 14 Guatemala City, Guatemala 1014",Brayan Cifuentes -
99,Guatemala,SAN RAFAEL URIAS VALDES,AMNI-22-0905,"BENEFICIO SANTA RITA, S. A.",Asociacin Nacional del Cafe,5272.5,ANTIGUA GUATEMALA,"VALBROS, S. A.",635,30.0,Asociacion Nacional Del Caf,2021 / 2022,2022-05-19,Angelica Paola Citan Lopez,Bourbon,Completed,Washed / Wet,7.58,7.92,7.5,7.67,7.75,7.67,10.0,10.0,10.0,7.75,0.0,83.83,10.9,0,1,greenish,4,2023-05-19,Asociacion Nacional Del Caf,"5a Calle 0-50, Zona 14 Guatemala City, Guatemala 1014",Brayan Cifuentes -
100,Ethiopia,Gerbicho Lela Cooperative,1,Sidama Coffee Farmers Cooperative Union,Taylor Winch Coffee Ltd,2000.0,Sidama,Sidama Coffee Farmers Cooperative Union,100,60.0,Kenya Coffee Traders Association,2021 / 2022,2022-09-09,Taylor Winch (Coffee) Ltd.,Ethiopian Heirlooms,Completed,Washed / Wet,7.83,7.67,7.5,7.92,7.5,7.67,10.0,10.0,10.0,7.75,0.0,83.83,12.0,0,0,green,12,2023-09-09,Kenya Coffee Traders Association,"P.O. Box 646 00100Nairobi, Kenya, Denniss Pritt Road, Opposite St Georges Girls Secondary School",Benson Kibicho Kamau - +254 786 821 621
101,Colombia,N / A,3-0068-00886,Trilladora Popayn,ECOM COLOMBIA,1700.0,Cauca,Regional producers,285,70.0,ASOCIACIN COLOMBIANA PARA LA EXCELENCIA DEL CAFE,2022 / 2023,2023-02-22,Ral Vargas,Caturra,Completed,Washed / Wet,7.92,7.75,7.42,7.58,7.92,7.67,10.0,10.0,10.0,7.58,0.0,83.83,12.1,2,5,green,5,2024-02-22,ASOCIACIN COLOMBIANA PARA LA EXCELENCIA DEL CAFE,Calle 60A #3D-32 / Planta Baja / CQ Lab ASECC,Carlos Julian Ruiz - 3212026991
102,United States (Hawaii),various farms,"The 2022 Pacific Rim Coffee Summit,US02",Aloha Hills Kona Coffee,Taiwan Coffee Laboratory,500.0,Ka'u,Isla Custom Coffees,4,15.0,Taiwan Coffee Laboratory,2022,2022-11-15,Taiwan Coffee Laboratory,Typica,Completed,Washed / Wet,7.67,7.92,7.58,7.58,7.58,7.75,10.0,10.0,10.0,7.75,0.0,83.83,11.8,0,3,green,3,2023-11-15,Taiwan Coffee Laboratory,"QAHWAH CO., LTD 4F, No. 225, Sec. 3, Beixin Rd., Xindian Dist. New Taipei City, Taiwan","Lin, Jen-An Neil - 886-289116612"
103,Colombia,La Gallera,"The 2022 Pacific Rim Coffee Summit,CO02",La Gallera,Taiwan Coffee Laboratory,1800.0,Tolima,Oscar Javier Paez & Family,40,35.0,Taiwan Coffee Laboratory,2022,2022-11-15,PeiHsun Lin,Bourbon Sidra,Completed,Pulped natural / honey,7.67,7.92,7.67,7.58,7.67,7.67,10.0,10.0,10.0,7.58,0.0,83.75,10.6,0,0,greenish,1,2023-11-15,Taiwan Coffee Laboratory,"QAHWAH CO., LTD 4F, No. 225, Sec. 3, Beixin Rd., Xindian Dist. New Taipei City, Taiwan","Lin, Jen-An Neil - 886-289116612"
104,Mexico,Finca Custepec,312,exportadora de cafe california,Exportadora Caf California,1200.0,Chiapas,Armando Pohlenz,600,30.0,Centro Agroecolgico del Caf A.C.,2022 / 2023,2023-04-05,ANDREAS KUSSMAUL,Sarchimor,Completed,Washed / Wet,7.67,7.67,7.58,7.67,7.83,7.58,10.0,10.0,10.0,7.75,0.0,83.75,11.7,4,0,green,12,2024-04-04,Centro Agroecolgico del Caf A.C.,"Instituto de Ecologa A. C., Campus III Edificio A Planta Baja Carretera Antigua a Coatepec No. 351 Col. El Haya C.P. 91070 Xalapa, Veracruz, Mxico.",Stephany Escamilla Femat - Tel. +52 228 8421800 Ext. 3092
105,Colombia,nan,nan,nan,Coffee Quality Institute,,nan,nan,1,1.0,Barista and Coffee Academy of Asia,2022,2022-09-26,Coffee Quality Institute,nan,Completed,nan,7.83,7.75,7.5,7.58,7.67,7.67,10.0,10.0,10.0,7.67,0.0,83.67,12.4,1,0,greenish,9,2023-09-26,Barista and Coffee Academy of Asia,"The Place Bldg., Tunasan, Muntinlupa City, Metro Manila Philippines",Rosario Cruz - +63 995 344 5688
106,Taiwan,Unknown,202203,yes,Yongshun,1250.0,"Caoling , Gukeng Township, Yunlin County",Unknown,50,2.0,Blossom Valley International,2022,2022-10-24,Yongshun,SL34,Completed,Washed / Wet,7.67,7.67,7.75,7.75,7.5,7.67,10.0,10.0,10.0,7.67,0.0,83.67,10.0,0,0,bluish-green,0,2023-10-24,Blossom Valley International,No.72 Mo-Fan St. Taiwan Zip: 403,Damon Chen - +886423022323
107,Myanmar,Aromatic,"The 2022 Pacific Rim Coffee Summit,MM01",Aromatic,Taiwan Coffee Laboratory,1400.0,South Shan State,Lim,100,30.0,Taiwan Coffee Laboratory,2022,2022-11-15,PeiHsun Lin,"Catimor,Catuai,Caturra,Bourbon",Completed,Natural / Dry,7.83,7.83,7.67,7.58,7.58,7.58,10.0,10.0,10.0,7.58,0.0,83.67,10.2,0,1,pale yellow,1,2023-11-15,Taiwan Coffee Laboratory,"QAHWAH CO., LTD 4F, No. 225, Sec. 3, Beixin Rd., Xindian Dist. New Taipei City, Taiwan","Lin, Jen-An Neil - 886-289116612"
108,Taiwan,Unknown,A05-Northern Taiwan Specialty Coffee Evaluation,Unknown,Taiwu Coffee Cooperative,300.0,Unknown,Unknown,1,13.0,Taiwan Coffee Laboratory,2021 / 2022,2023-01-06,Taiwu,unknown,Completed,Pulped natural / honey,7.58,7.75,7.67,7.83,7.5,7.67,10.0,10.0,10.0,7.67,0.0,83.67,9.2,0,0,greenish,0,2024-01-06,Taiwan Coffee Laboratory,"QAHWAH CO., LTD 4F, No. 225, Sec. 3, Beixin Rd., Xindian Dist. New Taipei City, Taiwan","Lin, Jen-An Neil - 886-289116612"
109,Honduras,Maria Bonita,"The 2022 Pacific Rim Coffee Summit,HN01","Cafe Organic Marcala, S.A. (COMSA)",Taiwan Coffee Laboratory,1470.0,"San Jose, La Paz",Pedro Turcios,9,15.0,Taiwan Coffee Laboratory,2021,2022-11-15,Taiwan Coffee Laboratory,Parainema,Completed,Natural / Dry,7.67,7.67,7.58,7.75,7.67,7.67,10.0,10.0,10.0,7.67,0.0,83.67,11.1,0,2,pale yellow,1,2023-11-15,Taiwan Coffee Laboratory,"QAHWAH CO., LTD 4F, No. 225, Sec. 3, Beixin Rd., Xindian Dist. New Taipei City, Taiwan","Lin, Jen-An Neil - 886-289116612"
110,Taiwan,Unknown,A30-Northern Taiwan Specialty Coffee Evaluation,Unknown,Taiwu Coffee Cooperative,325.0,Unknown,Unknown,1,10.0,Taiwan Coffee Laboratory,2021 / 2022,2023-01-06,Taiwu,unknown,Completed,Natural / Dry,7.58,7.67,7.5,7.75,7.75,7.67,10.0,10.0,10.0,7.67,0.0,83.58,8.4,0,0,green,0,2024-01-06,Taiwan Coffee Laboratory,"QAHWAH CO., LTD 4F, No. 225, Sec. 3, Beixin Rd., Xindian Dist. New Taipei City, Taiwan","Lin, Jen-An Neil - 886-289116612"
111,Taiwan,Unknown,A14-Northern Taiwan Specialty Coffee Evaluation,Unknown,Taiwu Coffee Cooperative,275.0,Unknown,Unknown,1,10.0,Taiwan Coffee Laboratory,2021 / 2022,2023-01-06,Taiwu,Typica,Completed,Pulped natural / honey,7.58,7.75,7.58,7.75,7.58,7.67,10.0,10.0,10.0,7.67,0.0,83.58,9.1,0,0,green,0,2024-01-06,Taiwan Coffee Laboratory,"QAHWAH CO., LTD 4F, No. 225, Sec. 3, Beixin Rd., Xindian Dist. New Taipei City, Taiwan","Lin, Jen-An Neil - 886-289116612"
112,Guatemala,SAN FRANCISCO COTZAL,P-4142,"INMOBILIARIA E INVERSIONES DOS MIL, S. A.",Asociacin Nacional del Cafe,1600.0,QUICHE,SAN FRANCISCO COTZAL,275,69.0,Asociacion Nacional Del Caf,2021 / 2022,2022-05-19,Angelica Paola Citan Lopez,Caturra,Completed,Washed / Wet,7.58,7.83,7.58,7.67,7.58,7.58,10.0,10.0,10.0,7.75,0.0,83.58,10.9,0,2,green,4,2023-05-19,Asociacion Nacional Del Caf,"5a Calle 0-50, Zona 14 Guatemala City, Guatemala 1014",Brayan Cifuentes -
113,Honduras,varias,AMNI-22-6011-1,Beneficio seco,Cafe Organico Marcala S.A de C.V.,1400.0,Marcala,comsa,260,69.0,Instituto Hondureo del Caf,2021 / 2022,2022-08-17,Eliud Hernandez Gonzales,SHG,Completed,Washed / Wet,7.75,7.67,7.58,7.58,7.58,7.67,10.0,10.0,10.0,7.67,0.0,83.5,11.2,0,1,green,5,2023-08-17,Instituto Hondureo del Caf,"Laboratorio de Control de Calidad de Caf ( CNCC), 33 Calle, 1-2 Avenida, Sector El Cacao. San Pedro Sula, Cortes",Ramon Reyes - + 504 9693-9042
114,Colombia,La fortaleza,3-0104-00202 Popayn Supremo,Trilladora Pubenza,Cafe Colsuaves,1700.0,Popayn Cauca,La fortaleza,600,30.0,ASOCIACIN COLOMBIANA PARA LA EXCELENCIA DEL CAFE,2022,2023-01-18,pablo velosa,Caturra,Completed,Washed / Wet,7.75,7.75,7.5,7.58,7.83,7.5,10.0,10.0,10.0,7.58,0.0,83.5,12.2,0,0,bluish-green,2,2024-01-18,ASOCIACIN COLOMBIANA PARA LA EXCELENCIA DEL CAFE,Calle 60A #3D-32 / Planta Baja / CQ Lab ASECC,Carlos Julian Ruiz - 3212026991
115,Thailand,Doi Tung Development Project,BOURBON 21/22 (Coffea Arabica),Dry Mill,Doi Tung Development Project,1390.0,North of Thailand,Doi Tung Development Project,2,1.0,FABB Academy of Coffee,2022,2022-07-14,Doi Tung Development Project,Bourbon,Completed,Washed / Wet,7.42,7.83,7.58,7.67,7.67,7.75,10.0,10.0,10.0,7.58,0.0,83.5,13.1,0,0,green,0,2023-07-14,FABB Academy of Coffee,"FABB ACADEMY OF COFFEE 259/313 SUKHUMVIT 71 RD., SOI PRIDI BANOMYONG 15, VHADANA BKK, 10110 THAILAND",Janejira Kamonsawedkun - +(66) 095 095 9593
116,Ethiopia,YHAENU PLC FARM,1,GUJI COFFEE EXPORT P.L.C,yhaenu plc,1700.0,OROMIA,YHAENU PLC,320,19200.0,METAD Agricultural Development plc,2021 / 2022,2022-11-30,YHAENU PLC,Ethiopian Heirlooms,Completed,Washed / Wet,7.42,7.42,7.42,8.0,7.92,7.67,10.0,10.0,10.0,7.67,0.0,83.5,10.4,0,1,greenish,11,2023-11-30,METAD Agricultural Development plc,"BAWA Center, 3rd Floor (Gerji), Addis Ababa, Ethiopia","Aman Adinew (Emebet Dinku) - +251-116-292534, +251-911-519196"
117,Thailand,Doi Nan,CQU2022011,Doi Nan,Coffee Quality Union,1450.0,Suan Ya Lung,Chalerm,5,2.0,Japan Coffee Exchange,2022,2022-06-16,Coffee Quality Union,Java,Completed,Washed / Wet,7.67,7.67,7.5,7.67,7.58,7.67,10.0,10.0,10.0,7.67,0.0,83.42,11.6,0,2,green,0,2023-06-16,Japan Coffee Exchange,"413-0002 1173-58 Izusan, Atami, Shizuoka, 413-0002 JAPAN",Koju Matsuzawa - +81(0)9085642901
118,Uganda,Bugisu Shamba,035/170/5021210,Kawacom,Kawacom uganda LTD,1650.0,Mt Elgon,Kawacom Uganda Ltd,150,60.0,Uganda Coffee Development Authority,2021 / 2022,2022-07-07,Kawacom Uganda LTD,SL14,Completed,Washed / Wet,7.75,7.75,7.5,7.5,7.58,7.58,10.0,10.0,10.0,7.75,0.0,83.42,10.1,0,0,green,3,2023-07-07,Uganda Coffee Development Authority,"Coffee House, Plot 35, Jinja Road, P.O. Box 7267, Kampala, Uganda",Brenda Kamara Kemigisha Mangeni - 256773040119
119,Taiwan,Unknown,"The 2022 Pacific Rim Coffee Summit,T022",Unknown,Taiwan Coffee Laboratory,1100.0,Chiayi,Unknown,1,40.0,Taiwan Coffee Laboratory,2021 / 2022,2022-11-15,Wu Jhao Yun,Typica + SL34,Completed,Washed / Wet,7.75,7.92,7.67,7.92,7.75,7.83,8.67,10.0,10.0,7.92,0.0,83.42,10.1,0,0,blue-green,0,2023-11-15,Taiwan Coffee Laboratory,"QAHWAH CO., LTD 4F, No. 225, Sec. 3, Beixin Rd., Xindian Dist. New Taipei City, Taiwan","Lin, Jen-An Neil - 886-289116612"
120,Uganda,Masereka William,7969,Dry Mill,Kyagalanyi Coffee Limited,1905.0,Rwenzori,Kyagalanyi coffee limited,320,60.0,Uganda Coffee Development Authority,2021 / 2022,2022-09-01,KYAGALANYI COFFEE LIMITED,SL14,Completed,Washed / Wet,7.75,7.67,7.58,7.5,7.67,7.5,10.0,10.0,10.0,7.67,0.0,83.33,11.1,0,0,green,5,2023-09-01,Uganda Coffee Development Authority,"Coffee House, Plot 35, Jinja Road, P.O. Box 7267, Kampala, Uganda",Brenda Kamara Kemigisha Mangeni - 256773040119
121,Taiwan,Unknown,A04-Northern Taiwan Specialty Coffee Evaluation,Unknown,Taiwu Coffee Cooperative,250.0,Unknown,Unknown,1,8.0,Taiwan Coffee Laboratory,2021 / 2022,2023-01-06,Taiwu,Typica,Completed,Pulped natural / honey,7.58,7.67,7.5,7.75,7.5,7.58,10.0,10.0,10.0,7.75,0.0,83.33,9.7,0,0,greenish,0,2024-01-06,Taiwan Coffee Laboratory,"QAHWAH CO., LTD 4F, No. 225, Sec. 3, Beixin Rd., Xindian Dist. New Taipei City, Taiwan","Lin, Jen-An Neil - 886-289116612"
122,Guatemala,MI CAFECITO & LA PROVIDENCIA,1,MI CAFECITO + AGUA SANTA LA PROVIDENCIA + AGUA SANTA,Mr.Brown Cafe,1302.5,NEW ORIENTE & HUEHUETENANGO,500 PRODUCERS,320,60.0,Taiwan Coffee Laboratory,2021,2022-12-30,MR.BROWN CAFE,"MARSELLESA, CATUAI, CATURRA & MARSELLESA, ANACAFE 14, CATUAI",Completed,Washed / Wet,7.5,7.75,7.58,7.75,7.67,7.58,10.0,10.0,10.0,7.5,0.0,83.33,11.4,0,0,green,0,2023-12-30,Taiwan Coffee Laboratory,"QAHWAH CO., LTD 4F, No. 225, Sec. 3, Beixin Rd., Xindian Dist. New Taipei City, Taiwan","Lin, Jen-An Neil - 886-289116612"
123,Taiwan,Unknown,A21-Northern Taiwan Specialty Coffee Evaluation,Unknown,Taiwu Coffee Cooperative,300.0,Unknown,Unknown,1,80.0,Taiwan Coffee Laboratory,2021 / 2022,2023-01-06,Taiwu,Typica,Completed,Washed / Wet,7.58,7.67,7.58,7.75,7.42,7.58,10.0,10.0,10.0,7.75,0.0,83.33,9.6,0,0,green,1,2024-01-06,Taiwan Coffee Laboratory,"QAHWAH CO., LTD 4F, No. 225, Sec. 3, Beixin Rd., Xindian Dist. New Taipei City, Taiwan","Lin, Jen-An Neil - 886-289116612"
124,Colombia,El Laurel,1,Hulling facility,Minka coffee company LTD,1100.0,Sierra Nevada de Santa Marta,Eric SELLIN,2,1.0,FABB Academy of Coffee,2021 / 2022,2022-09-30,piradaPKPL,Caturra,Completed,Washed / Wet,7.67,7.67,7.42,7.75,7.5,7.75,10.0,10.0,10.0,7.58,0.0,83.33,13.5,0,0,greenish,0,2023-09-30,FABB Academy of Coffee,"FABB ACADEMY OF COFFEE 259/313 SUKHUMVIT 71 RD., SOI PRIDI BANOMYONG 15, VHADANA BKK, 10110 THAILAND",Janejira Kamonsawedkun - +(66) 095 095 9593
125,Costa Rica,Gamboa Farm,12074,Beneficio Montaas del Diamante,CECA S.A.,1850.0,Tarrazu,Martin Gutierrez,320,69.0,Specialty Coffee Association of Costa Rica,2022 / 2023,2023-04-19,Joselyn Morales Quesada,Caturra,Completed,Washed / Wet,7.58,7.75,7.42,7.67,7.5,7.75,10.0,10.0,10.0,7.67,0.0,83.33,0.0,0,0,green,3,2024-04-18,Specialty Coffee Association of Costa Rica,"Blvd Rohrmoser, de Prisma Dental 200 norte y 25 oeste, casa 21",Noelia Villalobos - (506) 2220 0685
126,Taiwan,Unknown,"The 2022 Pacific Rim Coffee Summit,T019",Unknown,Taiwan Coffee Laboratory,750.0,Yunlin,Unknown,1,100.0,Taiwan Coffee Laboratory,2021 / 2022,2022-11-15,CHEN SHAN DONG,SL34,Completed,Washed / Wet,7.75,7.83,7.58,7.58,7.58,7.5,10.0,10.0,10.0,7.5,0.0,83.33,10.7,0,0,blue-green,1,2023-11-15,Taiwan Coffee Laboratory,"QAHWAH CO., LTD 4F, No. 225, Sec. 3, Beixin Rd., Xindian Dist. New Taipei City, Taiwan","Lin, Jen-An Neil - 886-289116612"
127,Thailand,Doi Tung Development Project,TYPICA 21/22 (Coffea Arabica),Dry Mill,Doi Tung Development Project,1400.0,North of Thailand,Doi Tung Development Project,2,1.0,FABB Academy of Coffee,2022,2022-07-14,Doi Tung Development Project,Typica,Completed,Washed / Wet,7.92,7.92,7.75,7.33,7.58,7.5,10.0,10.0,10.0,7.33,0.0,83.33,12.3,0,0,yellow-green,16,2023-07-14,FABB Academy of Coffee,"FABB ACADEMY OF COFFEE 259/313 SUKHUMVIT 71 RD., SOI PRIDI BANOMYONG 15, VHADANA BKK, 10110 THAILAND",Janejira Kamonsawedkun - +(66) 095 095 9593
128,"Tanzania, United Republic Of",MASHIMA AMCOS,CN 4127220163/4189220459,GOURMET COFFEE MILL,DORMAN TANZANIA LTD,1550.0,KILIMANJARO,DORMAN TANZANIA LTD,320,60.0,Kenya Coffee Traders Association,2022 / 2023,2023-01-03,Gilbert Maina,Bourbon,Completed,Washed / Wet,7.92,7.67,7.42,7.5,7.67,7.58,10.0,10.0,10.0,7.5,0.0,83.25,10.4,0,0,greenish,8,2024-01-03,Kenya Coffee Traders Association,"P.O. Box 646 00100Nairobi, Kenya, Denniss Pritt Road, Opposite St Georges Girls Secondary School",Benson Kibicho Kamau - +254 786 821 621
129,Brazil,Fazenda Conquista e Capoeirinha,004/22,Dry mill,Ipanema Coffees,950.0,Sul de Minas,Ipanema Agrcola SA,960,60.0,Brazil Specialty Coffee Association,2022 / 2023,2023-02-13,Ipanema Coffees,Mundo Novo,Completed,Natural / Dry,7.58,7.5,7.5,7.83,7.67,7.5,10.0,10.0,10.0,7.67,0.0,83.25,11.6,0,0,green,4,2024-02-13,Brazil Specialty Coffee Association,"Rua Gaspar Batista Paiva, 416 Santa Luiza Varginha/MG Brazil",Chris Allen - 55 35 3212-4705
130,Taiwan,Unknown,A41-Northern Taiwan Specialty Coffee Evaluation,Unknown,Taiwu Coffee Cooperative,1150.0,Unknown,Unknown,1,320.0,Taiwan Coffee Laboratory,2021 / 2022,2023-01-06,Taiwu,unknown,Completed,Washed / Wet,7.75,7.75,7.58,7.67,7.42,7.5,10.0,10.0,10.0,7.58,0.0,83.25,9.6,0,0,green,1,2024-01-06,Taiwan Coffee Laboratory,"QAHWAH CO., LTD 4F, No. 225, Sec. 3, Beixin Rd., Xindian Dist. New Taipei City, Taiwan","Lin, Jen-An Neil - 886-289116612"
131,Colombia,Buenos Aires,CQU2023003,Buenos Aires,Coffee Quality Union,1390.0,Quindio,Chucho Bedoya,2,12.0,Japan Coffee Exchange,2022,2023-04-07,Coffee Quality Union,"Red Bourbon,Caturra",Completed,Anaerobico 1000h,7.67,7.67,7.58,7.67,7.58,7.58,10.0,10.0,10.0,7.5,0.0,83.25,10.9,0,0,brownish,2,2024-04-06,Japan Coffee Exchange,"413-0002 1173-58 Izusan, Atami, Shizuoka, 413-0002 JAPAN",Koju Matsuzawa - +81(0)9085642901
132,Honduras,La Bendicion,"The 2022 Pacific Rim Coffee Summit,HN03","COMSA (Cafe Organic Marcala, S.A)",Taiwan Coffee Laboratory,1600.0,"Marcala, La Paz",Joaquin Suazo,9,15.0,Taiwan Coffee Laboratory,2021,2022-11-15,Taiwan Coffee Laboratory,Lempira,Completed,Washed / Wet,7.67,7.75,7.67,7.58,7.5,7.58,10.0,10.0,10.0,7.5,0.0,83.25,10.5,0,0,bluish-green,3,2023-11-15,Taiwan Coffee Laboratory,"QAHWAH CO., LTD 4F, No. 225, Sec. 3, Beixin Rd., Xindian Dist. New Taipei City, Taiwan","Lin, Jen-An Neil - 886-289116612"
133,Honduras,varias,AMNI-22-6011-2,Beneficio seco,Cafe Organico Marcala S.A de C.V.,1400.0,Marcala,comsa,260,69.0,Instituto Hondureo del Caf,2021 / 2022,2022-08-17,Eliud Hernandez Gonzales,Catuai,Completed,Washed / Wet,7.75,7.58,7.58,7.58,7.5,7.58,10.0,10.0,10.0,7.67,0.0,83.25,11.3,0,1,green,5,2023-08-17,Instituto Hondureo del Caf,"Laboratorio de Control de Calidad de Caf ( CNCC), 33 Calle, 1-2 Avenida, Sector El Cacao. San Pedro Sula, Cortes",Ramon Reyes - + 504 9693-9042
134,Taiwan,Unknown,A35-Northern Taiwan Specialty Coffee Evaluation,Unknown,Taiwu Coffee Cooperative,250.0,Unknown,Unknown,1,16.0,Taiwan Coffee Laboratory,2021 / 2022,2023-01-06,Taiwu,Typica,Completed,Natural / Dry,7.75,7.75,7.5,7.75,7.5,7.42,10.0,10.0,10.0,7.5,0.0,83.17,9.7,0,0,greenish,2,2024-01-06,Taiwan Coffee Laboratory,"QAHWAH CO., LTD 4F, No. 225, Sec. 3, Beixin Rd., Xindian Dist. New Taipei City, Taiwan","Lin, Jen-An Neil - 886-289116612"
135,Taiwan,Unknown,A20-Northern Taiwan Specialty Coffee Evaluation,Unknown,Taiwu Coffee Cooperative,340.0,Unknown,Unknown,1,100.0,Taiwan Coffee Laboratory,2021 / 2022,2023-01-06,Taiwu,unknown,Completed,Washed / Wet,7.67,7.67,7.5,7.58,7.58,7.5,10.0,10.0,10.0,7.67,0.0,83.17,11.8,0,0,blue-green,0,2024-01-06,Taiwan Coffee Laboratory,"QAHWAH CO., LTD 4F, No. 225, Sec. 3, Beixin Rd., Xindian Dist. New Taipei City, Taiwan","Lin, Jen-An Neil - 886-289116612"
136,Laos,Nongluang Bolaven Plateau,DCN03.11.2022,Dao Heuang Group,Dao Heuang Group,1250.0,"Nongluang Bolaven Plateau, Champasack, Lao PDR",Dao Heuang Group,26,60.0,Specialty Coffee Association of Indonesia,2022,2022-12-30,Dao Heuang Group,Catimor,Completed,Natural / Dry,7.67,7.75,7.33,7.67,7.58,7.5,10.0,10.0,10.0,7.58,0.0,83.08,11.8,0,0,brownish,7,2023-12-30,Specialty Coffee Association of Indonesia,"Ministry of Agriculture Republic Indonesia, Build C 5th Floor wing B Room 515 . Jl. Harsono RM No. 3, Ragunan, South Jakarta, Jakarta",Mr. Michael Utama or Mr. Andi Fachri - 081382657727 / 087789140881
137,Honduras,La Cuchilla,187,CIGRAH,CIGRAH,1368.0,"Centro, Lagunetillas - Ajuterique, Comayagua",Fausto Nahun Maldonado,250,69.0,Instituto Hondureo del Caf,2021 / 2022,2022-05-23,Comercial Internacional de Granos de Honduras SA de CV,Catuai,Completed,Washed / Wet,7.67,7.67,7.5,7.58,7.58,7.5,10.0,10.0,10.0,7.58,0.0,83.08,10.6,0,2,green,7,2023-05-23,Instituto Hondureo del Caf,"Laboratorio de Control de Calidad de Caf ( CNCC), 33 Calle, 1-2 Avenida, Sector El Cacao. San Pedro Sula, Cortes",Ramon Reyes - + 504 9693-9042
138,Honduras,Bethel,198,CADEXSA,CADEXSA,1450.0,"Los Planes de Santa Maria, La Paz",Omar Acosta,325,69.0,Instituto Hondureo del Caf,2022 / 2023,2023-04-25,CADEXSA,Catuai,Completed,Washed / Wet,7.75,7.58,7.58,7.58,7.58,7.5,10.0,10.0,10.0,7.5,0.0,83.08,9.6,0,0,green,2,2024-04-24,Instituto Hondureo del Caf,"Laboratorio de Control de Calidad de Caf ( CNCC), 33 Calle, 1-2 Avenida, Sector El Cacao. San Pedro Sula, Cortes",Ramon Reyes - + 504 9693-9042
139,Colombia,EL PRADO,3-59-0654,NEIVA,carcafe ltda,1650.0,HUILA,FRANKLIN DUSSAN,600,30.0,ASOCIACIN COLOMBIANA PARA LA EXCELENCIA DEL CAFE,2022 / 2023,2023-01-13,rodrigo amaya,Caturra,Completed,Washed / Wet,8.0,7.67,7.42,7.58,7.58,7.42,10.0,10.0,10.0,7.33,0.0,83.0,13.1,0,0,bluish-green,1,2024-01-13,ASOCIACIN COLOMBIANA PARA LA EXCELENCIA DEL CAFE,Calle 60A #3D-32 / Planta Baja / CQ Lab ASECC,Carlos Julian Ruiz - 3212026991
140,Taiwan,Unknown,A17-Northern Taiwan Specialty Coffee Evaluation,Unknown,Taiwu Coffee Cooperative,275.0,Unknown,Unknown,1,12.0,Taiwan Coffee Laboratory,2021 / 2022,2023-01-06,Taiwu,Typica,Completed,Pulped natural / honey,7.5,7.67,7.58,7.58,7.5,7.5,10.0,10.0,10.0,7.58,0.0,82.92,8.9,0,0,blue-green,0,2024-01-06,Taiwan Coffee Laboratory,"QAHWAH CO., LTD 4F, No. 225, Sec. 3, Beixin Rd., Xindian Dist. New Taipei City, Taiwan","Lin, Jen-An Neil - 886-289116612"
141,Mexico,Finca Tequihua,001,"Coatepec, Veracruz",La Villa Coffee Company LLC,1350.0,"ZONGOLICA, VERACRUZ",Martin Tequihuatle Zepahua,141,69.0,Centro Agroecolgico del Caf A.C.,2021 / 2022,2022-08-11,Alvin La Vaughn Landry,Bourbon,Completed,Washed / Wet,7.75,7.5,7.42,7.67,7.58,7.5,10.0,10.0,10.0,7.5,0.0,82.92,11.9,2,0,green,1,2023-08-11,Centro Agroecolgico del Caf A.C.,"Instituto de Ecologa A. C., Campus III Edificio A Planta Baja Carretera Antigua a Coatepec No. 351 Col. El Haya C.P. 91070 Xalapa, Veracruz, Mxico.",Stephany Escamilla Femat - Tel. +52 228 8421800 Ext. 3092
142,Colombia,La Argentina,CQU2022013,La Argentina,Coffee Quality Union,1350.0,Quindio,Augusto Torres,1,12.0,Japan Coffee Exchange,2021 / 2022,2022-06-16,Coffee Quality Union,Typica Gesha,Completed,Washed / Wet,7.58,7.5,7.5,7.67,7.58,7.5,10.0,10.0,10.0,7.58,0.0,82.92,11.5,0,1,greenish,3,2023-06-16,Japan Coffee Exchange,"413-0002 1173-58 Izusan, Atami, Shizuoka, 413-0002 JAPAN",Koju Matsuzawa - +81(0)9085642901
143,Taiwan,Unknown,202203,yes,Unknown,1200.0,"Shibi, Gukeng Township, Yunlin County , Taiwan (R.O.C.)",Unknown,300,1.0,Blossom Valley International,2022,2022-10-24,GuoLiangZhi,Gesha,Completed,nan,7.67,7.5,7.42,7.75,7.42,7.58,10.0,10.0,10.0,7.58,0.0,82.92,10.2,0,0,yellow-green,0,2023-10-24,Blossom Valley International,No.72 Mo-Fan St. Taiwan Zip: 403,Damon Chen - +886423022323
144,Honduras,Varias,273,Beneficio Seco Comsa,Cafe Organico Marcala S.A de C.V.,1280.0,Marcala,Varios,275,69.0,Instituto Hondureo del Caf,2022 / 2023,2023-04-24,Eliud Hernandez Gonzales,Catuai,Completed,Washed / Wet,7.67,7.58,7.5,7.5,7.58,7.5,10.0,10.0,10.0,7.5,0.0,82.83,10.0,0,0,green,4,2024-04-23,Instituto Hondureo del Caf,"Laboratorio de Control de Calidad de Caf ( CNCC), 33 Calle, 1-2 Avenida, Sector El Cacao. San Pedro Sula, Cortes",Ramon Reyes - + 504 9693-9042
145,Thailand,Doi Tung Development Project,GAYO 21/22 (Coffea Arabica),Dry Mill,Doi Tung Development Project,1400.0,North of Thailand,Doi Tung Development Project,2,1.0,FABB Academy of Coffee,2022,2022-07-14,Doi Tung Development Project,Gayo,Completed,Washed / Wet,7.17,7.92,7.58,7.5,7.58,7.67,10.0,10.0,10.0,7.42,0.0,82.83,11.8,0,0,yellow-green,5,2023-07-14,FABB Academy of Coffee,"FABB ACADEMY OF COFFEE 259/313 SUKHUMVIT 71 RD., SOI PRIDI BANOMYONG 15, VHADANA BKK, 10110 THAILAND",Janejira Kamonsawedkun - +(66) 095 095 9593
146,Vietnam,Ea tan Cooperative,VHA- S3,SIMEXCO DAKLAK LTD,SIMEXCO DAKLAK LTD,900.0,"Eatan Commune, Krong Nang District, Krong Nang Province",Ea Tan Cooperative,22,60.0,Specialty Coffee Association,2021 / 2022,2022-06-03,Simexco DakLak,Catimor,Completed,Pulped natural / honey,7.58,7.42,7.58,7.5,7.67,7.75,10.0,10.0,10.0,7.33,0.0,82.83,13.3,0,0,green,4,2023-06-03,Specialty Coffee Association,*CURRENTLY NOT ACCEPTING SAMPLES**,Brit Amell (CQI) - bamell@coffeeinstitute.org -
147,Nicaragua,Finca San Felipe,017-053-0017,Beneficio Atlantic Sbaco,Exportadora Atlantic S.A,1200.0,Matagalpa,Exportadora Atlantic S.A.,275,69.0,Asociacin de Cafs Especiales de Nicaragua,2022 / 2023,2023-01-30,"Exportadora Atlantic, S.A.",SHG,Completed,Natural / Dry,7.33,7.58,7.25,7.33,7.75,8.17,10.0,10.0,10.0,7.33,0.0,82.75,10.5,5,2,green,1,2024-01-30,Asociacin de Cafs Especiales de Nicaragua,"Del Hotel Seminole 2 C al lago, 1 C arriba.",Maria Ines Benavidez Toval - 011-(505)-8396 4717
148,Costa Rica,AMA EL AROMA Micro lot - Sunrise,"The 2022 Pacific Rim Coffee Summit,CR01",Micro mill,Taiwan Coffee Laboratory,1450.0,west Villege,various producers,10,30.0,Taiwan Coffee Laboratory,2021,2022-11-15,Taiwan Coffee Laboratory,SL28,Completed,Pulped natural / honey,7.33,7.5,7.25,7.92,7.75,7.58,10.0,10.0,10.0,7.42,0.0,82.75,11.8,0,0,pale yellow,1,2023-11-15,Taiwan Coffee Laboratory,"QAHWAH CO., LTD 4F, No. 225, Sec. 3, Beixin Rd., Xindian Dist. New Taipei City, Taiwan","Lin, Jen-An Neil - 886-289116612"
149,Colombia,Federacin Nacional de Cafeteros de Colombia,3/01/12857,Federacin Nacional de Cafeteros de Colombia,"NIPPON COFFEE TRADING CO.,LTD.",1700.0,Huila,Federacin Nacional de Cafeteros de Colombia,250,70.0,Japan Coffee Exchange,2022,2022-07-11,Yukinobu Ueda,Caturra,Completed,Washed / Wet,7.58,7.67,7.58,7.5,7.33,7.5,10.0,10.0,10.0,7.5,0.0,82.67,11.8,0,1,green,2,2023-07-11,Japan Coffee Exchange,"413-0002 1173-58 Izusan, Atami, Shizuoka, 413-0002 JAPAN",Koju Matsuzawa - +81(0)9085642901
150,Thailand,Doi Tung Development Project,CATURRA 21/22 (Coffea Arabica),Dry Mill,Doi Tung Development Project,1390.0,North of Thailand,Doi Tung Development Project,2,1.0,FABB Academy of Coffee,2022,2022-07-14,Doi Tung Development Project,Caturra,Completed,Washed / Wet,7.33,7.58,7.58,7.5,7.67,7.67,10.0,10.0,10.0,7.33,0.0,82.67,13.0,1,0,greenish,0,2023-07-14,FABB Academy of Coffee,"FABB ACADEMY OF COFFEE 259/313 SUKHUMVIT 71 RD., SOI PRIDI BANOMYONG 15, VHADANA BKK, 10110 THAILAND",Janejira Kamonsawedkun - +(66) 095 095 9593
151,Thailand,Kevin Coffee,21/22,Dry mill,Square Root,1200.0,Chiang Mai,Kevin Wattana,6,50.0,Specialty Coffee Institute of Thailand,2021 / 2022,2022-06-14,Sajcha tawaytibhong,"Bourbon, Catimor, Caturra, Typica",Completed,Natural / Dry,7.5,7.58,7.5,7.42,7.5,7.58,10.0,10.0,10.0,7.58,0.0,82.67,11.2,0,0,yellow green,0,2023-06-14,Specialty Coffee Institute of Thailand,"No.76-82 Satri Wittaya 2 Soi 6, Ladplao, Bangkok 10230 Thailand","Rinlapat Siwachairot - +66 2 118 0811, +66 926462492"
152,Honduras,Bethel,197,CADEXSA,CADEXSA,1450.0,los planes de santa maria la paz,Omar Acosta,325,69.0,Instituto Hondureo del Caf,2022 / 2023,2023-04-25,CADEXSA,Catuai,Completed,Washed / Wet,7.67,7.58,7.33,7.5,7.58,7.5,10.0,10.0,10.0,7.5,0.0,82.67,9.6,0,0,green,2,2024-04-24,Instituto Hondureo del Caf,"Laboratorio de Control de Calidad de Caf ( CNCC), 33 Calle, 1-2 Avenida, Sector El Cacao. San Pedro Sula, Cortes",Ramon Reyes - + 504 9693-9042
153,Taiwan,Unknown,A01-Northern Taiwan Specialty Coffee Evaluation,Unknown,Taiwu Coffee Cooperative,165.0,Unknown,Unknown,1,4.0,Taiwan Coffee Laboratory,2021 / 2022,2023-01-06,Taiwu,unknow,Completed,Natural / Dry,7.67,7.67,7.42,7.42,7.42,7.5,10.0,10.0,10.0,7.5,0.0,82.58,9.8,0,0,green,0,2024-01-06,Taiwan Coffee Laboratory,"QAHWAH CO., LTD 4F, No. 225, Sec. 3, Beixin Rd., Xindian Dist. New Taipei City, Taiwan","Lin, Jen-An Neil - 886-289116612"
154,Taiwan,Unknown,A22-Northern Taiwan Specialty Coffee Evaluation,Unknown,Taiwu Coffee Cooperative,465.0,Unknown,Unknown,1,32.0,Taiwan Coffee Laboratory,2021 / 2022,2023-01-06,Taiwu,Caturra,Completed,Washed / Wet,7.67,7.58,7.42,7.42,7.5,7.5,10.0,10.0,10.0,7.5,0.0,82.58,8.4,0,0,blue-green,2,2024-01-06,Taiwan Coffee Laboratory,"QAHWAH CO., LTD 4F, No. 225, Sec. 3, Beixin Rd., Xindian Dist. New Taipei City, Taiwan","Lin, Jen-An Neil - 886-289116612"
155,Nicaragua,Finca Las Dos Marias,4 -3.1,"Compare Coperativo Condega, Esteli, Nicaragua",NicaNoLA Coffee,1350.0,ESTELI,NicaNoLA Coffee,120,45.0,Specialty Coffee Association,2021 / 2022,2022-06-20,rene j alcebo,Parainema,Completed,Washed / Wet,7.5,7.58,7.42,7.58,7.5,7.58,10.0,10.0,10.0,7.42,0.0,82.58,10.1,0,0,green,0,2023-06-20,Specialty Coffee Association,*CURRENTLY NOT ACCEPTING SAMPLES**,Brit Amell (CQI) - bamell@coffeeinstitute.org -
156,El Salvador,Agua Caliente,1-26,Agua Caliente,Consejo Salvadoreo del Caf,1200.0,Apaneca - Ilamatepec,"J.J. Borja Nathan, S.A.",600,30.0,Salvadoran Coffee Council,2022 / 2023,2023-03-03,Consejo Salvadoreo del Caf,Bourbon,Completed,Washed / Wet,7.67,7.33,7.17,7.67,7.83,7.5,10.0,10.0,10.0,7.33,0.0,82.5,11.3,0,0,green,2,2024-03-02,Salvadoran Coffee Council,"Final 1a. Av. Norte y 13 Calle Pte., dentro de las instalaciones del MAG",Tomas Bonilla - (503) 2505-6600
157,Panama,Finca Lerida,P03769,Finca Lerida,Panamerican Coffee Trading,1200.0,Boquete,Finca Lerida,200,30.0,Specialty Coffee Association of Costa Rica,2021 / 2022,2022-05-25,Rodrigo Soto,Caturra,Completed,Washed / Wet,7.75,7.67,7.17,7.67,7.42,7.42,10.0,10.0,10.0,7.42,0.0,82.5,10.0,0,0,green,0,2023-05-25,Specialty Coffee Association of Costa Rica,"Blvd Rohrmoser, de Prisma Dental 200 norte y 25 oeste, casa 21",Noelia Villalobos - (506) 2220 0685
158,Brazil,Fazenda Pedra Preta,MVB-QCert-001/2022,COPAG VARGINHA,Man Volcafe Brasil Ltda.,1100.0,MANTIQUEIRA / SUL DE MINAS,Eduardo Niero de Souza,620,30.0,Brazil Specialty Coffee Association,2022 / 2023,2022-11-03,ED&F Man Volcafe Brasil Ltda.,Mundo Novo,Completed,Natural / Dry,7.5,7.58,7.5,7.5,7.67,7.42,10.0,10.0,10.0,7.33,0.0,82.5,11.8,0,1,bluish-green,1,2023-11-03,Brazil Specialty Coffee Association,"Rua Gaspar Batista Paiva, 416 Santa Luiza Varginha/MG Brazil",Chris Allen - 55 35 3212-4705
159,United States (Hawaii),Kainaliu Farm,"The 2022 Pacific Rim Coffee Summit,US03",Aloha Hills Kona Coffee,Taiwan Coffee Laboratory,640.0,Kona,Kainaliu-Kona Coffee Company,4,15.0,Taiwan Coffee Laboratory,2022,2022-11-15,Taiwan Coffee Laboratory,Maragogype,Completed,Washed / Wet,7.33,7.58,7.5,7.5,7.5,7.58,10.0,10.0,10.0,7.5,0.0,82.5,11.7,0,0,blue-green,1,2023-11-15,Taiwan Coffee Laboratory,"QAHWAH CO., LTD 4F, No. 225, Sec. 3, Beixin Rd., Xindian Dist. New Taipei City, Taiwan","Lin, Jen-An Neil - 886-289116612"
160,Mexico,Las Trincheras,"The 2022 Pacific Rim Coffee Summit,MX01",Las Trincheras,Taiwan Coffee Laboratory,1340.0,Veracruz,Jose Cienfuegos,10,15.0,Taiwan Coffee Laboratory,2021,2022-11-15,Full Sweet Coffee,Pacamara,Completed,Washed / Wet,7.67,7.42,7.5,7.5,7.67,7.42,10.0,10.0,10.0,7.33,0.0,82.5,10.7,0,0,pale yellow,0,2023-11-15,Taiwan Coffee Laboratory,"QAHWAH CO., LTD 4F, No. 225, Sec. 3, Beixin Rd., Xindian Dist. New Taipei City, Taiwan","Lin, Jen-An Neil - 886-289116612"
161,Honduras,La Cuchilla,185,CIGRAH,Mercon Honduras,1368.0,"Centro, Lagunetillas - Ajuterique, Comayagua",Fausto Nahun Maldonado,345,30.0,Instituto Hondureo del Caf,2021 / 2022,2022-05-23,Comercial Internacional de Granos de Honduras SA de CV,Catuai,Completed,Washed / Wet,7.58,7.58,7.33,7.5,7.58,7.42,10.0,10.0,10.0,7.5,0.0,82.5,10.6,0,0,green,8,2023-05-23,Instituto Hondureo del Caf,"Laboratorio de Control de Calidad de Caf ( CNCC), 33 Calle, 1-2 Avenida, Sector El Cacao. San Pedro Sula, Cortes",Ramon Reyes - + 504 9693-9042
162,Taiwan,Unknown,A02-Northern Taiwan Specialty Coffee Evaluation,Unknown,Taiwu Coffee Cooperative,139.0,Unknown,Unknown,1,200.0,Taiwan Coffee Laboratory,2021 / 2022,2023-01-06,Taiwu,unknown,Completed,Washed / Wet,7.42,7.42,7.58,7.42,7.58,7.5,10.0,10.0,10.0,7.58,0.0,82.5,8.4,0,0,green,2,2024-01-06,Taiwan Coffee Laboratory,"QAHWAH CO., LTD 4F, No. 225, Sec. 3, Beixin Rd., Xindian Dist. New Taipei City, Taiwan","Lin, Jen-An Neil - 886-289116612"
163,Nicaragua,Finca Aurora,1,Beneficio Seco Finca Aurora,Mr.Brown Cafe,1275.0,"Matagalpa, Nicaragua",Sabio Coffee - Enrique Ferrufino & Tania Ferrufino,275,69.0,Taiwan Coffee Laboratory,2021 / 2022,2022-12-30,MR.BROWN CAFE,Caturra-Catuai,Completed,Washed / Wet,7.58,7.58,7.42,7.42,7.5,7.5,10.0,10.0,10.0,7.42,0.0,82.42,11.4,0,0,bluish-green,0,2023-12-30,Taiwan Coffee Laboratory,"QAHWAH CO., LTD 4F, No. 225, Sec. 3, Beixin Rd., Xindian Dist. New Taipei City, Taiwan","Lin, Jen-An Neil - 886-289116612"
164,Vietnam,Apollo Estate,Apollo Washed 2021,Dry Mill,"Sunvirtue Co., Ltd.",1040.0,Dalat,"Yeh,Li Chuan",77,15.0,Specialty Coffee Association,2021,2022-06-01,"Sunvirtue Co., Ltd.",Catimor,Completed,Washed / Wet,7.5,7.5,7.33,7.5,7.5,7.42,10.0,10.0,10.0,7.58,0.0,82.33,10.5,0,0,bluish-green,0,2023-06-01,Specialty Coffee Association,*CURRENTLY NOT ACCEPTING SAMPLES**,Brit Amell (CQI) - bamell@coffeeinstitute.org -
165,El Salvador,Agua Caliente,1-26,Agua Caliente,Consejo Salvadoreo del Caf,1200.0,Apaneca - Ilamatepec,"J.J. Borja Nathan, S.A.",600,30.0,Salvadoran Coffee Council,2022 / 2023,2023-02-21,Consejo Salvadoreo del Caf,Bourbon,Completed,Washed / Wet,7.5,7.5,7.42,7.42,7.42,7.67,10.0,10.0,10.0,7.42,0.0,82.33,12.0,0,7,green,10,2024-02-21,Salvadoran Coffee Council,"Final 1a. Av. Norte y 13 Calle Pte., dentro de las instalaciones del MAG",Tomas Bonilla - (503) 2505-6600
166,El Salvador,Agua Caliente,1-74,Agua Caliente,Consejo Salvadoreo del Caf,1200.0,Apaneca - Ilamatepec,"J.J. Borja Nathan, S.A.",275,69.0,Salvadoran Coffee Council,2021 / 2022,2022-07-07,Consejo Salvadoreo del Caf,Bourbon,Completed,Washed / Wet,7.33,7.67,7.25,7.67,7.83,7.42,10.0,10.0,10.0,7.17,0.0,82.33,11.8,0,0,bluish-green,0,2023-07-07,Salvadoran Coffee Council,"Final 1a. Av. Norte y 13 Calle Pte., dentro de las instalaciones del MAG",Tomas Bonilla - (503) 2505-6600
167,Taiwan,Unknown,A48-Northern Taiwan Specialty Coffee Evaluation,Unknown,Taiwu Coffee Cooperative,140.0,Unknown,Unknown,1,5.0,Taiwan Coffee Laboratory,2021 / 2022,2023-01-06,Taiwu,unknown,Completed,Natural / Dry,7.67,7.58,7.42,7.5,7.33,7.42,10.0,10.0,10.0,7.42,0.0,82.33,10.8,0,0,green,1,2024-01-06,Taiwan Coffee Laboratory,"QAHWAH CO., LTD 4F, No. 225, Sec. 3, Beixin Rd., Xindian Dist. New Taipei City, Taiwan","Lin, Jen-An Neil - 886-289116612"
168,Peru,Fundo La Libertado,PR138,Planta Callao,Itochu Corporation,1600.0,"Chanchamayo, La Merced",Sand Crispin Espiritu,275,69.0,Japan Coffee Exchange,2022 / 2023,2022-07-11,Kiichiro Iwata,Caturra,Completed,Washed / Wet,7.67,7.5,7.33,7.58,7.33,7.42,10.0,10.0,10.0,7.42,0.0,82.25,11.7,0,1,greenish,3,2023-07-11,Japan Coffee Exchange,"413-0002 1173-58 Izusan, Atami, Shizuoka, 413-0002 JAPAN",Koju Matsuzawa - +81(0)9085642901
169,United States (Hawaii),Manny's Farm,Islanders Coffee for Pacific Rim Summit,Manny's Farm,Taiwan Coffee Laboratory,1200.0,Kona district of Big Island,Manny Ochoa,3,30.0,Taiwan Coffee Laboratory,2022,2022-11-09,Taiwan Coffee Laboratory,Typica,Completed,Washed / Wet,7.75,7.42,7.33,7.5,7.33,7.5,10.0,10.0,10.0,7.33,0.0,82.17,10.6,1,0,green,5,2023-11-09,Taiwan Coffee Laboratory,"QAHWAH CO., LTD 4F, No. 225, Sec. 3, Beixin Rd., Xindian Dist. New Taipei City, Taiwan","Lin, Jen-An Neil - 886-289116612"
170,Kenya,Kenyan Highlands,CQU2023004,TAYLOR WINCH,Coffee Quality Union,1725.0,Kericho,Slelected small holder,13,5.0,Japan Coffee Exchange,2022,2023-04-07,Coffee Quality Union,"SL28,SL34,Ruiru11",Completed,Washed / Wet,7.5,7.5,7.42,7.5,7.25,7.5,10.0,10.0,10.0,7.5,0.0,82.17,11.2,0,0,green,2,2024-04-06,Japan Coffee Exchange,"413-0002 1173-58 Izusan, Atami, Shizuoka, 413-0002 JAPAN",Koju Matsuzawa - +81(0)9085642901
171,Honduras,La Cuchilla,184,CIGRAH,Mercon Honduras,1368.0,"Centro, Lagunetillas - Ajuterique, Comayagua",Fausto Nahun Maldonado,125,69.0,Instituto Hondureo del Caf,2021 / 2022,2022-05-23,Comercial Internacional de Granos de Honduras SA de CV,Catuai,Completed,Washed / Wet,7.67,7.5,7.25,7.5,7.5,7.33,10.0,10.0,10.0,7.42,0.0,82.17,10.6,0,0,green,8,2023-05-23,Instituto Hondureo del Caf,"Laboratorio de Control de Calidad de Caf ( CNCC), 33 Calle, 1-2 Avenida, Sector El Cacao. San Pedro Sula, Cortes",Ramon Reyes - + 504 9693-9042
172,Taiwan,Unknown,A43-Northern Taiwan Specialty Coffee Evaluation,Unknown,Taiwu Coffee Cooperative,600.0,Unknown,Unknown,1,3.0,Taiwan Coffee Laboratory,2021 / 2022,2023-01-06,Taiwu,unknown,Completed,Washed / Wet,7.5,7.67,7.33,7.5,7.25,7.33,10.0,10.0,10.0,7.5,0.0,82.08,9.7,0,0,bluish-green,0,2024-01-06,Taiwan Coffee Laboratory,"QAHWAH CO., LTD 4F, No. 225, Sec. 3, Beixin Rd., Xindian Dist. New Taipei City, Taiwan","Lin, Jen-An Neil - 886-289116612"
173,Taiwan,Unknown,A34-Northern Taiwan Specialty Coffee Evaluation,Unknown,Taiwu Coffee Cooperative,460.0,Unknown,Unknown,1,60.0,Taiwan Coffee Laboratory,2021 / 2022,2023-01-06,Taiwu,unknown,Completed,Pulped natural / honey,7.33,7.42,7.42,7.5,7.42,7.5,10.0,10.0,10.0,7.5,0.0,82.08,8.1,0,0,greenish,3,2024-01-06,Taiwan Coffee Laboratory,"QAHWAH CO., LTD 4F, No. 225, Sec. 3, Beixin Rd., Xindian Dist. New Taipei City, Taiwan","Lin, Jen-An Neil - 886-289116612"
174,Taiwan,Unknown,A50-Northern Taiwan Specialty Coffee Evaluation,Unknown,Taiwu Coffee Cooperative,500.0,Unknown,Unknown,1,20.0,Taiwan Coffee Laboratory,2021 / 2022,2023-01-06,Taiwu,unknown,Completed,Washed / Wet,7.5,7.58,7.42,7.42,7.25,7.42,10.0,10.0,10.0,7.42,0.0,82.0,8.2,0,0,green,1,2024-01-06,Taiwan Coffee Laboratory,"QAHWAH CO., LTD 4F, No. 225, Sec. 3, Beixin Rd., Xindian Dist. New Taipei City, Taiwan","Lin, Jen-An Neil - 886-289116612"
175,Thailand,Doi Tung Development Project,MIXED DT 21/22 (Coffea Arabica),Dry Mill,Doi Tung Development Project,1000.0,North of Thailand,Doi Tung Development Project,2,1.0,FABB Academy of Coffee,2022,2022-07-14,Doi Tung Development Project,Catimor,Completed,Washed / Wet,7.17,7.5,7.42,7.42,7.58,7.5,10.0,10.0,10.0,7.42,0.0,82.0,9.8,0,0,green,0,2023-07-14,FABB Academy of Coffee,"FABB ACADEMY OF COFFEE 259/313 SUKHUMVIT 71 RD., SOI PRIDI BANOMYONG 15, VHADANA BKK, 10110 THAILAND",Janejira Kamonsawedkun - +(66) 095 095 9593
176,Costa Rica,San Diego Mill,S019194 - P04178,Dosmil,Beneficios Volcaf Costa Rica,1500.0,Corralillo Tarrazu,San Diego Mill,500,30.0,Specialty Coffee Association of Costa Rica,2018 / 2019,2023-03-29,Volcafe Japan,Caturra,Completed,Washed / Wet,7.42,7.42,7.42,7.33,7.58,7.33,10.0,10.0,10.0,7.5,0.0,82.0,10.5,1,2,green,8,2024-03-28,Specialty Coffee Association of Costa Rica,"Blvd Rohrmoser, de Prisma Dental 200 norte y 25 oeste, casa 21",Noelia Villalobos - (506) 2220 0685
177,Guatemala,Not Specificated,SA4238,Dry Mill of Exportcafe,Marubeni Corporation,1450.0,Oriente,"Exportcafe, S.A.",275,69.0,Japan Coffee Exchange,2021 / 2022,2022-11-28,Ikuto Uehara,nan,Completed,Washed / Wet,7.42,7.42,7.42,7.33,7.5,7.42,10.0,10.0,10.0,7.5,0.0,82.0,11.5,0,1,blue-green,2,2023-11-28,Japan Coffee Exchange,"413-0002 1173-58 Izusan, Atami, Shizuoka, 413-0002 JAPAN",Koju Matsuzawa - +81(0)9085642901
178,Indonesia,Wahana Graha Makmur,015/1686/057,PT. Wahana Graha Makmur Medan,InterAmerican Coffee,1350.0,Sumatra,PT. Wahana Graha Makmur Group,320,60.0,NKG Quality Service (a division of Bernhard Rothfos Intercaf AG),2022,2022-08-22,Charles Umeano,nan,Completed,Pulped natural / honey,7.67,7.33,7.25,7.67,7.42,7.25,10.0,10.0,10.0,7.42,0.0,82.0,12.5,0,0,bluish-green,0,2023-08-22,NKG Quality Service (a division of Bernhard Rothfos Intercaf AG),"Bahnhofstrasse 22 6300 Zug, Switzerland",Tirza Odermatt - +41 41 728 72 81
179,Peru,Fundo La Libertad,301R,Planta Callao,Itochu Corporation,1600.0,"Chanchamayo, La Merced",Sandro Crispin Espiritu,275,69.0,Japan Coffee Exchange,2022 / 2023,2022-07-11,Kiichiro Iwata,Caturra,Completed,Washed / Wet,7.5,7.5,7.33,7.5,7.33,7.33,10.0,10.0,10.0,7.42,0.0,81.92,11.6,0,2,greenish,2,2023-07-11,Japan Coffee Exchange,"413-0002 1173-58 Izusan, Atami, Shizuoka, 413-0002 JAPAN",Koju Matsuzawa - +81(0)9085642901
180,Guatemala,MULTIPLE SMALLHOLDER FARMS,GF-23392,MULTIPLE SMALLHOLDER FARMS,"HARU International Corp,",1400.0,Antigua,La Minita,540,30.0,Taiwan Coffee Laboratory,2022,2022-11-03,Anderson Wong,Caturra,Completed,Washed / Wet,7.33,7.42,7.33,7.42,7.58,7.42,10.0,10.0,10.0,7.42,0.0,81.92,10.3,0,0,greenish,1,2023-11-03,Taiwan Coffee Laboratory,"QAHWAH CO., LTD 4F, No. 225, Sec. 3, Beixin Rd., Xindian Dist. New Taipei City, Taiwan","Lin, Jen-An Neil - 886-289116612"
181,Taiwan,Unknown,A10-Northern Taiwan Specialty Coffee Evaluation,Unknown,Taiwu Coffee Cooperative,300.0,Unknown,Unknown,1,6.0,Taiwan Coffee Laboratory,2021 / 2022,2023-01-06,Taiwu,Typica,Completed,Pulped natural / honey,7.25,7.42,7.42,7.5,7.42,7.42,10.0,10.0,10.0,7.42,0.0,81.83,11.3,0,0,green,0,2024-01-06,Taiwan Coffee Laboratory,"QAHWAH CO., LTD 4F, No. 225, Sec. 3, Beixin Rd., Xindian Dist. New Taipei City, Taiwan","Lin, Jen-An Neil - 886-289116612"
182,Vietnam,Gaia Farms,221221,Hulling Facility,Brew Baby Coffee Company,5400.0,Lam Dong Province,Viet Coffee Company Limited,1,1.0,Firedancer Coffee Consultants,2022 / 2023,2023-04-10,Rodney Murray,Catimor,Completed,Pulped natural / honey,7.5,7.5,7.25,7.42,7.42,7.42,10.0,10.0,10.0,7.33,0.0,81.83,11.2,0,0,green,4,2024-04-09,Firedancer Coffee Consultants,"165 Commerce Drive, Ste 103",Firedancer Coffee Consultants -
183,Brazil,Sitio Colinas,CQU2023007,COCARIVE,Coffee Quality Union,1000.0,Mantiquira de minas,Luis Flavio Pereira de Castro,14,5.0,Japan Coffee Exchange,2022,2023-04-07,Coffee Quality Union,Yellow Catuai,Completed,Pulped natural / honey,7.5,7.5,7.42,7.33,7.33,7.33,10.0,10.0,10.0,7.42,0.0,81.83,11.3,0,0,pale yellow,2,2024-04-06,Japan Coffee Exchange,"413-0002 1173-58 Izusan, Atami, Shizuoka, 413-0002 JAPAN",Koju Matsuzawa - +81(0)9085642901
184,Brazil,Fazenda Olhos Dagua,1,Owned by producer,Mr.Brown Cafe,950.0,Sul de Minas,Paulo Enidio Crabi,325,59.0,Taiwan Coffee Laboratory,2021,2022-12-30,MR.BROWN CAFE,Catucai,Completed,Natural / Dry,7.42,7.5,7.58,7.33,7.33,7.25,10.0,10.0,10.0,7.33,0.0,81.75,11.1,0,0,yellow-green,0,2023-12-30,Taiwan Coffee Laboratory,"QAHWAH CO., LTD 4F, No. 225, Sec. 3, Beixin Rd., Xindian Dist. New Taipei City, Taiwan","Lin, Jen-An Neil - 886-289116612"
185,Colombia,More than one,1,Trilladora CCA Buga,Mr.Brown Cafe,1574.0,Santander,More than one,275,70.0,Taiwan Coffee Laboratory,2021,2022-12-30,MR.BROWN CAFE,Santander,Completed,Washed / Wet,7.33,7.5,7.33,7.42,7.42,7.42,10.0,10.0,10.0,7.33,0.0,81.75,11.2,0,0,yellow-green,0,2023-12-30,Taiwan Coffee Laboratory,"QAHWAH CO., LTD 4F, No. 225, Sec. 3, Beixin Rd., Xindian Dist. New Taipei City, Taiwan","Lin, Jen-An Neil - 886-289116612"
186,Mexico,Finca San Jos,002,"Coatepec, Veracruz",La Villa Coffee Company LLC,1200.0,"Coatepec, Veracruz",Jos Gerardo Gutierrez Morales,32,69.0,Centro Agroecolgico del Caf A.C.,2021 / 2022,2022-08-11,Alvin La Vaughn Landry,Typica,Completed,Washed / Wet,7.58,7.42,7.25,7.25,7.5,7.33,10.0,10.0,10.0,7.33,0.0,81.67,11.8,2,0,green,2,2023-08-11,Centro Agroecolgico del Caf A.C.,"Instituto de Ecologa A. C., Campus III Edificio A Planta Baja Carretera Antigua a Coatepec No. 351 Col. El Haya C.P. 91070 Xalapa, Veracruz, Mxico.",Stephany Escamilla Femat - Tel. +52 228 8421800 Ext. 3092
187,Costa Rica,HACIENDA SAN IGNACIO,OIC 5-019-0037/ Contenedor: DRYU3106597 / Cliente: O COFFEE,Beneficio La Giorgia,Grupo ECOM,1200.0,occidente,FJO ORLICH HNO LTDA,100,69.0,Specialty Coffee Association of Costa Rica,2022 / 2023,2023-03-29,Ruddy Azofeifa,Caturra,Completed,Washed / Wet,7.33,7.42,7.25,7.42,7.42,7.33,10.0,10.0,10.0,7.42,0.0,81.58,9.7,0,2,green,4,2024-03-28,Specialty Coffee Association of Costa Rica,"Blvd Rohrmoser, de Prisma Dental 200 norte y 25 oeste, casa 21",Noelia Villalobos - (506) 2220 0685
188,Taiwan,Unknown,A46-Northern Taiwan Specialty Coffee Evaluation,Unknown,Taiwu Coffee Cooperative,300.0,Unknown,Unknown,1,100.0,Taiwan Coffee Laboratory,2021 / 2022,2023-01-06,Taiwu,Typica,Completed,Pulped natural / honey,7.42,7.5,7.33,7.33,7.33,7.33,10.0,10.0,10.0,7.33,0.0,81.58,9.0,0,0,yellow-green,0,2024-01-06,Taiwan Coffee Laboratory,"QAHWAH CO., LTD 4F, No. 225, Sec. 3, Beixin Rd., Xindian Dist. New Taipei City, Taiwan","Lin, Jen-An Neil - 886-289116612"
189,Taiwan,29,A38-Northern Taiwan Specialty Coffee Evaluation,29,Taiwu Coffee Cooperative,435.0,Unknown,Unknown,1,8.0,Taiwan Coffee Laboratory,2021 / 2022,2023-01-06,Taiwu,unknown,Completed,Pulped natural / honey,7.33,7.5,7.42,7.33,7.33,7.25,10.0,10.0,10.0,7.33,0.0,81.5,8.5,0,0,green,0,2024-01-06,Taiwan Coffee Laboratory,"QAHWAH CO., LTD 4F, No. 225, Sec. 3, Beixin Rd., Xindian Dist. New Taipei City, Taiwan","Lin, Jen-An Neil - 886-289116612"
190,Thailand,Doi Tung Development Project,JAVA 21/22 (Coffea Arabica),Dry Mill,Doi Tung Development Project,1400.0,North of Thailand,Doi Tung Development Project,2,1.0,FABB Academy of Coffee,2022,2022-07-14,Doi Tung Development Project,Java,Completed,Washed / Wet,7.33,7.42,7.25,7.33,7.5,7.42,10.0,10.0,10.0,7.17,0.0,81.42,11.6,2,0,green,1,2023-07-14,FABB Academy of Coffee,"FABB ACADEMY OF COFFEE 259/313 SUKHUMVIT 71 RD., SOI PRIDI BANOMYONG 15, VHADANA BKK, 10110 THAILAND",Janejira Kamonsawedkun - +(66) 095 095 9593
191,Thailand,Doi Lan,"The 2022 Pacific Rim Coffee Summit,TH07",Miramar Coffee,Taiwan Coffee Laboratory,1400.0,Chiang Rai,Prakol Saelee,5,15.0,Taiwan Coffee Laboratory,2021,2022-11-15,Full Sweet Coffee,Typica Bourbon Caturra Catimor,Completed,Natural / Dry,7.42,7.25,7.33,7.42,7.33,7.33,10.0,10.0,10.0,7.25,0.0,81.33,10.5,0,0,yellowish,5,2023-11-15,Taiwan Coffee Laboratory,"QAHWAH CO., LTD 4F, No. 225, Sec. 3, Beixin Rd., Xindian Dist. New Taipei City, Taiwan","Lin, Jen-An Neil - 886-289116612"
192,Thailand,Doi Tung Development Project,MIXED 21/22 (Coffea Arabica),Dry Mill,Doi Tung Development Project,700.0,North of Thailand,Doi Tung Development Project,2,1.0,FABB Academy of Coffee,2022,2022-07-14,Doi Tung Development Project,Catimor,Completed,Washed / Wet,7.25,7.25,7.42,7.25,7.42,7.42,10.0,10.0,10.0,7.17,0.0,81.17,10.4,0,0,green,0,2023-07-14,FABB Academy of Coffee,"FABB ACADEMY OF COFFEE 259/313 SUKHUMVIT 71 RD., SOI PRIDI BANOMYONG 15, VHADANA BKK, 10110 THAILAND",Janejira Kamonsawedkun - +(66) 095 095 9593
193,Colombia,Escalera,CQU2022019,Escalera,Coffee Quality Union,1550.0,Cauca,Escalera,1,30.0,Japan Coffee Exchange,2021 / 2022,2022-12-22,Coffee Quality Union,"Caturra,Colombia,Castillo",Completed,Washed / Wet,7.42,7.25,7.25,7.42,7.17,7.33,10.0,10.0,10.0,7.33,0.0,81.17,11.4,0,2,greenish,2,2023-12-22,Japan Coffee Exchange,"413-0002 1173-58 Izusan, Atami, Shizuoka, 413-0002 JAPAN",Koju Matsuzawa - +81(0)9085642901
194,Brazil,Various farm,0038,Dry Mill of Cocapil,Marubeni Corporation,1200.0,Alta Mogiana-Ibiraci,Cocapil,440,60.0,Japan Coffee Exchange,2022 / 2023,2023-04-17,Ikuto Uehara,nan,Completed,Natural / Dry,7.42,7.42,7.25,7.25,7.17,7.25,10.0,10.0,10.0,7.25,0.0,81.0,10.6,0,2,greenish,1,2024-04-16,Japan Coffee Exchange,"413-0002 1173-58 Izusan, Atami, Shizuoka, 413-0002 JAPAN",Koju Matsuzawa - +81(0)9085642901
195,El Salvador,"Rosario de Maria II, Area de Loma Alta",0623C01,"Optimum Coffee, San Salvador, El Salvador",Aprentium Enterprises LLC,1400.0,"Volcan Chinchontepek, San Vicente, El Salvador",Roselia Yglesias,1,2.0,Salvadoran Coffee Council,2023,2023-03-08,Roselia Yglesias,Bourbon,Completed,Natural / Dry,7.42,7.33,7.33,7.5,7.08,7.0,10.0,10.0,10.0,7.17,0.0,80.83,10.5,0,8,bluish-green,7,2024-03-07,Salvadoran Coffee Council,"Final 1a. Av. Norte y 13 Calle Pte., dentro de las instalaciones del MAG",Tomas Bonilla - (503) 2505-6600
196,Nicaragua,EXPORTADORA ATLANTIC S.A,017/053/0603,Lavado,ISHIMITSU,1100.0,nan,Varios Productores,275,69.0,Japan Coffee Exchange,2021,2022-07-11,Unknown,Caturra,Completed,Washed / Wet,7.25,7.25,7.17,7.33,7.08,7.25,10.0,10.0,10.0,7.17,0.0,80.5,11.5,0,1,greenish,3,2023-07-11,Japan Coffee Exchange,"413-0002 1173-58 Izusan, Atami, Shizuoka, 413-0002 JAPAN",Koju Matsuzawa - +81(0)9085642901
197,Nicaragua,Sajonia Estate Coffee S.A.,1,Sajonia Estate Coffee S.A.,SAJONIA ESTATE COFFEE S.A.,1000.0,Jinotega,Sajonia Estate Coffee S.A.,275,69.0,Asociacin de Cafs Especiales de Nicaragua,2022 / 2023,2023-04-20,SAJONIA ESTATE COFFEE S.A.,Sarchimor,Completed,Washed / Wet,7.42,7.17,7.0,7.08,7.42,7.17,10.0,10.0,10.0,7.17,0.0,80.42,11.2,0,0,green,5,2024-04-19,Asociacin de Cafs Especiales de Nicaragua,"Del Hotel Seminole 2 C al lago, 1 C arriba.",Maria Ines Benavidez Toval - 011-(505)-8396 4717
198,Colombia,Finca Mallorca,CQU2023001,Finca Mallorca,Coffee Quality Union,1600.0,"Caicedonia,Valle del Cauca",Finca Mallorca,3,10.0,Japan Coffee Exchange,2022,2023-03-06,Coffee Quality Union,"Castillo,Caturra,Bourbon",Completed,Washed / Wet,7.25,7.25,7.17,7.33,7.0,7.17,10.0,10.0,10.0,7.25,0.0,80.42,11.0,0,3,greenish,3,2024-03-05,Japan Coffee Exchange,"413-0002 1173-58 Izusan, Atami, Shizuoka, 413-0002 JAPAN",Koju Matsuzawa - +81(0)9085642901
199,Peru,Fundo La Libertad,PR137,Callao Plant,Itochu Corporation,1600.0,"Chanchamayo, Lamerced",Sandro Crispin Espiritu,275,69.0,Japan Coffee Exchange,2022 / 2023,2022-06-10,Kiichiro Iwata,Caturra,Completed,Washed / Wet,7.5,7.25,7.17,7.17,7.17,7.08,10.0,10.0,10.0,7.0,0.0,80.33,11.8,0,6,greenish,11,2023-06-10,Japan Coffee Exchange,"413-0002 1173-58 Izusan, Atami, Shizuoka, 413-0002 JAPAN",Koju Matsuzawa - +81(0)9085642901
200,El Salvador,"Rosario de Maria II, Area de Menjivar",0523B01,"Optimum Coffee, San Salvador, El Salvador",Aprentium Enterprises LLC,1300.0,"Volcan Chinchontepek, San Vicente, El Salvador",Roselia Yglesias,1,2.0,Salvadoran Coffee Council,2023,2023-03-08,Roselia Yglesias,Pacas,Completed,Natural / Dry,7.08,7.25,7.08,7.42,7.42,7.08,10.0,10.0,10.0,7.0,0.0,80.33,11.5,0,10,bluish-green,7,2024-03-07,Salvadoran Coffee Council,"Final 1a. Av. Norte y 13 Calle Pte., dentro de las instalaciones del MAG",Tomas Bonilla - (503) 2505-6600
201,Brazil,Various farm,002/1738/0029,Dry mill,marubeni,1200.0,Alta Mogiana-Ibiraci,COCAPIL,440,60.0,Japan Coffee Exchange,2021 / 2022,2022-07-20,Ikuto Uehara,Catuai and Mundo Novo,Completed,Natural / Dry,7.25,7.17,7.17,7.08,7.17,7.17,10.0,10.0,10.0,7.17,0.0,80.17,11.6,0,1,greenish,2,2023-07-20,Japan Coffee Exchange,"413-0002 1173-58 Izusan, Atami, Shizuoka, 413-0002 JAPAN",Koju Matsuzawa - +81(0)9085642901
202,Brazil,Fazenda Conquista,019/22,Dry Mill,Ipanema Coffees,950.0,Sul de Minas,Ipanema Coffees,2240,60.0,Brazil Specialty Coffee Association,2022 / 2023,2023-02-02,Ipanema Coffees,Mundo Novo,Completed,Natural / Dry,7.17,7.17,6.92,7.17,7.42,7.17,10.0,10.0,10.0,7.08,0.0,80.08,11.4,0,0,green,4,2024-02-02,Brazil Specialty Coffee Association,"Rua Gaspar Batista Paiva, 416 Santa Luiza Varginha/MG Brazil",Chris Allen - 55 35 3212-4705
203,Nicaragua,Finca San Felipe,017-053-0155,Beneficio Atlantic Sbaco,Exportadora Atlantic S.A,1200.0,Matagalpa,Exportadora Atlantic S.A.,300,30.0,Asociacin de Cafs Especiales de Nicaragua,2022 / 2023,2023-03-03,"Exportadora Atlantic, S.A.",SHG,Completed,Natural / Dry,7.33,7.08,6.75,7.17,7.42,7.17,10.0,10.0,10.0,7.08,0.0,80.0,10.4,0,2,green,12,2024-03-02,Asociacin de Cafs Especiales de Nicaragua,"Del Hotel Seminole 2 C al lago, 1 C arriba.",Maria Ines Benavidez Toval - 011-(505)-8396 4717
204,Laos,-,105/3/VL7285-005,DRY MILL,Marubeni Corporation,1300.0,Bolaven Plateau,"LAO MINH TIEN COFFEE SOLE CO.,LTD",343,60.0,Japan Coffee Exchange,2021 / 2022,2022-11-11,Ikuto Uehara,Catimor,Completed,Washed / Wet,7.25,7.17,7.08,7.0,7.08,7.08,10.0,10.0,10.0,7.0,0.0,79.67,11.6,0,9,green,11,2023-11-11,Japan Coffee Exchange,"413-0002 1173-58 Izusan, Atami, Shizuoka, 413-0002 JAPAN",Koju Matsuzawa - +81(0)9085642901
205,El Salvador,"Rosario de Maria II, Area de La Pila",0423A01,"Optimum Coffee, San Salvador, El Salvador",Aprentium Enterprises LLC,1200.0,"Volcan de San Vicente, La Paz, El Salvador",Roselia Yglesias,1,2.0,Salvadoran Coffee Council,2023,2023-03-08,Roselia Yglesias,Maragogype,Completed,Natural / Dry,6.5,6.75,6.75,7.17,7.08,7.0,10.0,10.0,10.0,6.83,0.0,78.08,11.0,0,12,bluish-green,13,2024-03-07,Salvadoran Coffee Council,"Final 1a. Av. Norte y 13 Calle Pte., dentro de las instalaciones del MAG",Tomas Bonilla - (503) 2505-6600
206,Brazil,Walter Matter,1058 y 1059,Beneficio humedo/seco,Descafeinadores Mexicano SA. de CV,975.0,Minas Gerais,Walter Matter,600,60.0,Centro Agroecolgico del Caf A.C.,2021 / 2022,2022-11-18,Descafeinadores Mexicanos S.A de C.V,Mundo Novo,Completed,SEMI-LAVADO,7.25,7.08,6.67,6.83,6.83,6.67,10.0,10.0,10.0,6.67,0.0,78.0,11.3,0,0,green,1,2023-11-18,Centro Agroecolgico del Caf A.C.,"Instituto de Ecologa A. C., Campus III Edificio A Planta Baja Carretera Antigua a Coatepec No. 351 Col. El Haya C.P. 91070 Xalapa, Veracruz, Mxico.",Stephany Escamilla Femat - Tel. +52 228 8421800 Ext. 3092
